campaign_id,comparison_id,scenario,objective,split,direction,reach_a,reach_b,active_days,short_video_share_a,short_video_share_b,auction_state,opportunity_asymmetry,overlap,union_reach,overlap_rate,fingerprint_a_reach,fingerprint_b_reach,fingerprint_matches,fingerprint_overlap_estimate
reach_large_large-train-01,objective-train-01,reach_large_large,reach,train,large_large,48000,48000,16,0.6039564311373291,0.9035361913984197,156197089,0.0,29461,66539,0.6137708333333334,15934,42659,5628,0.6623821070114131
traffic_large_large-train-01,objective-train-01,traffic_large_large,traffic,train,large_large,48000,48000,16,0.6039564311373291,0.9035361913984197,156197089,0.0,4882,91118,0.10170833333333333,13922,37508,989,0.1515167833486334
conversion_large_large-train-01,objective-train-01,conversion_large_large,conversion,train,large_large,48000,48000,16,0.6039564311373291,0.9035361913984197,156197089,0.0,35278,60722,0.7349583333333334,14097,37955,5149,0.7698696220225549
reach_large_large-train-02,objective-train-02,reach_large_large,reach,train,large_large,48000,48000,28,0.8471191734524088,0.3031457470683711,1241858933,0.0,5388,90612,0.11225,13249,38961,811,0.1256891085054217
traffic_large_large-train-02,objective-train-02,traffic_large_large,traffic,train,large_large,48000,48000,28,0.8471191734524088,0.3031457470683711,1241858933,0.0,5828,90172,0.12141666666666667,13924,37336,1146,0.17635297975289282
conversion_large_large-train-02,objective-train-02,conversion_large_large,conversion,train,large_large,48000,48000,28,0.8471191734524088,0.3031457470683711,1241858933,0.0,33796,62204,0.7040833333333333,14175,37661,4892,0.7330971316703684
reach_large_large-train-03,objective-train-03,reach_large_large,reach,train,large_large,48000,48000,19,1.0,0.40188057111331676,644066743,0.0,19564,76436,0.40758333333333335,14900,41791,3735,0.47985669821654875
traffic_large_large-train-03,objective-train-03,traffic_large_large,traffic,train,large_large,48000,48000,19,1.0,0.40188057111331676,644066743,0.0,4799,91201,0.09997916666666666,13749,37685,942,0.1454458246003837
conversion_large_large-train-03,objective-train-03,conversion_large_large,conversion,train,large_large,48000,48000,19,1.0,0.40188057111331676,644066743,0.0,31772,64228,0.6619166666666667,14138,37914,4695,0.7007094918667441
reach_large_large-train-04,objective-train-04,reach_large_large,reach,train,large_large,48000,48000,16,0.10115687260223576,0.27018935997014026,1662170484,0.0,9659,86341,0.20122916666666665,14505,38690,1628,0.232074767847274
traffic_large_large-train-04,objective-train-04,traffic_large_large,traffic,train,large_large,48000,48000,16,0.10115687260223576,0.27018935997014026,1662170484,0.0,5184,90816,0.108,13807,37676,1026,0.1577877323313823
conversion_large_large-train-04,objective-train-04,conversion_large_large,conversion,train,large_large,48000,48000,16,0.10115687260223576,0.27018935997014026,1662170484,0.0,32321,63679,0.6733541666666667,14025,37923,4675,0.7031792491803567
reach_large_large-train-05,objective-train-05,reach_large_large,reach,train,large_large,48000,48000,31,0.844468375189484,0.7217449047792116,1500123450,0.0,9499,86501,0.19789583333333333,13882,41020,1708,0.23995519525124734
traffic_large_large-train-05,objective-train-05,traffic_large_large,traffic,train,large_large,48000,48000,31,0.844468375189484,0.7217449047792116,1500123450,0.0,5918,90082,0.12329166666666666,13918,37516,1182,0.18109818768363484
conversion_large_large-train-05,objective-train-05,conversion_large_large,conversion,train,large_large,48000,48000,31,0.844468375189484,0.7217449047792116,1500123450,0.0,29222,66778,0.6087916666666666,14156,37906,4304,0.6416729582869193
reach_large_large-train-06,objective-train-06,reach_large_large,reach,train,large_large,48000,48000,23,0.14120329922404323,0.6569697448376379,898226662,0.0,11252,84748,0.23441666666666666,14364,35917,1561,0.2420568843447322
traffic_large_large-train-06,objective-train-06,traffic_large_large,traffic,train,large_large,48000,48000,23,0.14120329922404323,0.6569697448376379,898226662,0.0,2411,93589,0.050229166666666665,13611,36992,485,0.07706086492733463
conversion_large_large-train-06,objective-train-06,conversion_large_large,conversion,train,large_large,48000,48000,23,0.14120329922404323,0.6569697448376379,898226662,0.0,39196,56804,0.8165833333333333,14136,37814,5507,0.8241872790562235
reach_large_large-train-07,objective-train-07,reach_large_large,reach,train,large_large,48000,48000,18,0.22381543583879232,0.8418919110209573,1940729573,0.0,28918,67082,0.6024583333333333,16321,41307,5436,0.645058371174481
traffic_large_large-train-07,objective-train-07,traffic_large_large,traffic,train,large_large,48000,48000,18,0.22381543583879232,0.8418919110209573,1940729573,0.0,2506,93494,0.052208333333333336,14283,36817,518,0.07880466243145232
conversion_large_large-train-07,objective-train-07,conversion_large_large,conversion,train,large_large,48000,48000,18,0.22381543583879232,0.8418919110209573,1940729573,0.0,27785,68215,0.5788541666666667,14240,37748,4085,0.6079643478395463
reach_large_large-train-08,objective-train-08,reach_large_large,reach,train,large_large,48000,48000,21,0.284459903324228,0.2099118414105872,1356207121,0.0,14892,81108,0.31025,14565,40860,2712,0.3645615154709281
traffic_large_large-train-08,objective-train-08,traffic_large_large,traffic,train,large_large,48000,48000,21,0.284459903324228,0.2099118414105872,1356207121,0.0,6384,89616,0.133,14011,38062,1283,0.19246683531466852
conversion_large_large-train-08,objective-train-08,conversion_large_large,conversion,train,large_large,48000,48000,21,0.284459903324228,0.2099118414105872,1356207121,0.0,38356,57644,0.7990833333333334,14197,38031,5452,0.8078142441072961
reach_large_large-train-09,objective-train-09,reach_large_large,reach,train,large_large,48000,48000,38,0.14678290890676948,0.17888624272902104,509280084,0.0,21177,74823,0.4411875,15096,40951,4028,0.5212583803640259
traffic_large_large-train-09,objective-train-09,traffic_large_large,traffic,train,large_large,48000,48000,38,0.14678290890676948,0.17888624272902104,509280084,0.0,6494,89506,0.13529166666666667,14146,37637,1291,0.19398474419676173
conversion_large_large-train-09,objective-train-09,conversion_large_large,conversion,train,large_large,48000,48000,38,0.14678290890676948,0.17888624272902104,509280084,0.0,33838,62162,0.7049583333333334,14050,37777,4950,0.7460903031152002
reach_large_large-train-10,objective-train-10,reach_large_large,reach,train,large_large,48000,48000,60,0.5665152501252564,0.8309675982524491,56248090,0.0,18266,77734,0.38054166666666667,15318,40144,3416,0.44441134776795954
traffic_large_large-train-10,objective-train-10,traffic_large_large,traffic,train,large_large,48000,48000,60,0.5665152501252564,0.8309675982524491,56248090,0.0,4969,91031,0.10352083333333334,14030,37179,1002,0.15367468552908406
conversion_large_large-train-10,objective-train-10,conversion_large_large,conversion,train,large_large,48000,48000,60,0.5665152501252564,0.8309675982524491,56248090,0.0,36850,59150,0.7677083333333333,14149,37778,5248,0.7854510136461974
reach_large_large-train-11,objective-train-11,reach_large_large,reach,train,large_large,48000,48000,32,0.09331038147974291,0.7815851401899002,1071843112,0.0,7682,88318,0.16004166666666667,15973,35641,1355,0.190411384023536
traffic_large_large-train-11,objective-train-11,traffic_large_large,traffic,train,large_large,48000,48000,32,0.09331038147974291,0.7815851401899002,1071843112,0.0,4494,91506,0.093625,13931,37047,914,0.14167748706191674
conversion_large_large-train-11,objective-train-11,conversion_large_large,conversion,train,large_large,48000,48000,32,0.09331038147974291,0.7815851401899002,1071843112,0.0,34461,61539,0.7179375,14185,37631,4992,0.7481513504411945
reach_large_large-train-12,objective-train-12,reach_large_large,reach,train,large_large,48000,48000,28,0.6287700674613512,0.10480727915842103,765150686,0.0,5293,90707,0.11027083333333333,13653,37144,969,0.15286110798368957
traffic_large_large-train-12,objective-train-12,traffic_large_large,traffic,train,large_large,48000,48000,28,0.6287700674613512,0.10480727915842103,765150686,0.0,5291,90709,0.11022916666666667,13901,37091,1065,0.1652437373927829
conversion_large_large-train-12,objective-train-12,conversion_large_large,conversion,train,large_large,48000,48000,28,0.6287700674613512,0.10480727915842103,765150686,0.0,36464,59536,0.7596666666666667,14193,37831,5257,0.7832599849356547
reach_large_large-train-13,objective-train-13,reach_large_large,reach,train,large_large,48000,48000,23,1.0,0.23654747231351148,404340089,0.0,7938,88062,0.165375,13823,43382,1567,0.20904852394782744
traffic_large_large-train-13,objective-train-13,traffic_large_large,traffic,train,large_large,48000,48000,23,1.0,0.23654747231351148,404340089,0.0,4715,91285,0.09822916666666667,13700,38123,935,0.14321679864120193
conversion_large_large-train-13,objective-train-13,conversion_large_large,conversion,train,large_large,48000,48000,23,1.0,0.23654747231351148,404340089,0.0,28017,67983,0.5836875,13921,38396,4099,0.6134956516007436
reach_large_large-train-14,objective-train-14,reach_large_large,reach,train,large_large,48000,48000,14,0.7265220461594176,0.0,224781055,0.0,6284,89716,0.13091666666666665,13600,41682,1075,0.1517088770156112
traffic_large_large-train-14,objective-train-14,traffic_large_large,traffic,train,large_large,48000,48000,14,0.7265220461594176,0.0,224781055,0.0,679,95321,0.014145833333333333,13431,37704,135,0.021326912131842405
conversion_large_large-train-14,objective-train-14,conversion_large_large,conversion,train,large_large,48000,48000,14,0.7265220461594176,0.0,224781055,0.0,34646,61354,0.7217916666666667,14075,38222,4900,0.7286588689634355
reach_large_large-train-15,objective-train-15,reach_large_large,reach,train,large_large,48000,48000,20,0.2461364585807821,0.16296445852403763,1643240600,0.0,2968,93032,0.06183333333333333,13796,37821,500,0.07666087961352554
traffic_large_large-train-15,objective-train-15,traffic_large_large,traffic,train,large_large,48000,48000,20,0.2461364585807821,0.16296445852403763,1643240600,0.0,5792,90208,0.12066666666666667,13856,37536,1168,0.1796581671126127
conversion_large_large-train-15,objective-train-15,conversion_large_large,conversion,train,large_large,48000,48000,20,0.2461364585807821,0.16296445852403763,1643240600,0.0,33772,62228,0.7035833333333333,14137,37787,4858,0.7275248395847882
reach_large_large-train-16,objective-train-16,reach_large_large,reach,train,large_large,48000,48000,21,0.0,0.7109208314829498,1826692490,0.0,6105,89895,0.1271875,14321,36995,1055,0.15930377605913207
traffic_large_large-train-16,objective-train-16,traffic_large_large,traffic,train,large_large,48000,48000,21,0.0,0.7109208314829498,1826692490,0.0,4974,91026,0.103625,14027,36997,997,0.15369291183879566
conversion_large_large-train-16,objective-train-16,conversion_large_large,conversion,train,large_large,48000,48000,21,0.0,0.7109208314829498,1826692490,0.0,29049,66951,0.6051875,14167,37638,4316,0.6475405818697497
reach_large_large-train-17,objective-train-17,reach_large_large,reach,train,large_large,48000,48000,39,0.29238033295743826,0.0,1882226407,0.0,10074,85926,0.209875,13448,41062,1652,0.2393328050433507
traffic_large_large-train-17,objective-train-17,traffic_large_large,traffic,train,large_large,48000,48000,39,0.29238033295743826,0.0,1882226407,0.0,2935,93065,0.06114583333333334,13581,37220,585,0.09258438265267789
conversion_large_large-train-17,objective-train-17,conversion_large_large,conversion,train,large_large,48000,48000,39,0.29238033295743826,0.0,1882226407,0.0,38196,57804,0.79575,14130,37870,5470,0.8177863294008203
reach_large_large-train-18,objective-train-18,reach_large_large,reach,train,large_large,48000,48000,12,1.0,0.4731673113628435,730152047,0.0,8305,87695,0.17302083333333335,13662,38981,1390,0.20880338270192636
traffic_large_large-train-18,objective-train-18,traffic_large_large,traffic,train,large_large,48000,48000,12,1.0,0.4731673113628435,730152047,0.0,2723,93277,0.056729166666666664,13682,36828,553,0.08779856095142013
conversion_large_large-train-18,objective-train-18,conversion_large_large,conversion,train,large_large,48000,48000,12,1.0,0.4731673113628435,730152047,0.0,26013,69987,0.5419375,13931,37693,3881,0.5912765197483854
reach_large_large-train-19,objective-train-19,reach_large_large,reach,train,large_large,48000,48000,7,0.7940640282248248,0.0,1887035596,0.0,10178,85822,0.21204166666666666,13783,34617,1115,0.186952669207408
traffic_large_large-train-19,objective-train-19,traffic_large_large,traffic,train,large_large,48000,48000,7,0.7940640282248248,0.0,1887035596,0.0,3191,92809,0.06647916666666667,13935,36426,655,0.1032316409077127
conversion_large_large-train-19,objective-train-19,conversion_large_large,conversion,train,large_large,48000,48000,7,0.7940640282248248,0.0,1887035596,0.0,31823,64177,0.6629791666666667,14030,37703,4665,0.7055179309783037
reach_large_large-train-20,objective-train-20,reach_large_large,reach,train,large_large,48000,48000,46,0.6657923232260976,0.5071392102604222,1917803561,0.0,14008,81992,0.29183333333333333,13846,43880,2653,0.34933032731053437
traffic_large_large-train-20,objective-train-20,traffic_large_large,traffic,train,large_large,48000,48000,46,0.6657923232260976,0.5071392102604222,1917803561,0.0,3089,92911,0.06435416666666667,13935,38158,620,0.09328012078572029
conversion_large_large-train-20,objective-train-20,conversion_large_large,conversion,train,large_large,48000,48000,46,0.6657923232260976,0.5071392102604222,1917803561,0.0,32421,63579,0.6754375,14164,39047,4739,0.6854931276493293
reach_large_large-train-21,objective-train-21,reach_large_large,reach,train,large_large,48000,48000,59,0.0,0.6808424207514604,619016768,0.0,14458,81542,0.30120833333333336,15834,38409,2743,0.3608212891058776
traffic_large_large-train-21,objective-train-21,traffic_large_large,traffic,train,large_large,48000,48000,59,0.0,0.6808424207514604,619016768,0.0,2454,93546,0.051125,13814,36513,489,0.07755894220879804
reach_large_large-train-22,objective-train-22,reach_large_large,reach,train,large_large,48000,48000,27,0.5177492169193648,0.44649550804692456,1657489072,0.0,11245,84755,0.23427083333333334,14187,41733,1955,0.26415970727023813
traffic_large_large-train-22,objective-train-22,traffic_large_large,traffic,train,large_large,48000,48000,27,0.5177492169193648,0.44649550804692456,1657489072,0.0,6579,89421,0.1370625,13916,37791,1293,0.19669155225527518
reach_large_large-train-23,objective-train-23,reach_large_large,reach,train,large_large,48000,48000,29,0.6818726628233688,0.543859174208246,376678693,0.0,10538,85462,0.21954166666666666,15533,36932,1921,0.26789165343112
traffic_large_large-train-23,objective-train-23,traffic_large_large,traffic,train,large_large,48000,48000,29,0.6818726628233688,0.543859174208246,376678693,0.0,2091,93909,0.0435625,13664,37480,432,0.06748329788377377
reach_large_large-train-24,objective-train-24,reach_large_large,reach,train,large_large,48000,48000,35,0.21301722070956286,0.8448726601695411,1845429350,0.0,6811,89189,0.14189583333333333,13902,36186,1037,0.16491147660869457
traffic_large_large-train-24,objective-train-24,traffic_large_large,traffic,train,large_large,48000,48000,35,0.21301722070956286,0.8448726601695411,1845429350,0.0,3829,92171,0.07977083333333333,13696,37176,751,0.117997693215802
reach_large_large-train-25,objective-train-25,reach_large_large,reach,train,large_large,48000,48000,25,0.18740163336015653,0.4246255379711819,485907787,0.0,14080,81920,0.29333333333333333,16071,37957,2571,0.3371764879261285
traffic_large_large-train-25,objective-train-25,traffic_large_large,traffic,train,large_large,48000,48000,25,0.18740163336015653,0.4246255379711819,485907787,0.0,7478,88522,0.15579166666666666,14506,37957,1450,0.21067763586173027
reach_large_large-train-26,objective-train-26,reach_large_large,reach,train,large_large,48000,48000,30,0.2837309167279804,1.0,1971878375,0.0,15310,80690,0.31895833333333334,15191,39119,2886,0.3885189493579971
traffic_large_large-train-26,objective-train-26,traffic_large_large,traffic,train,large_large,48000,48000,30,0.2837309167279804,1.0,1971878375,0.0,2045,93955,0.042604166666666665,13696,37345,426,0.06663054644555752
reach_large_large-train-27,objective-train-27,reach_large_large,reach,train,large_large,48000,48000,28,0.3854276708363279,0.04348562488582061,664462489,0.0,21035,74965,0.43822916666666667,15516,40883,3984,0.5024429871453858
traffic_large_large-train-27,objective-train-27,traffic_large_large,traffic,train,large_large,48000,48000,28,0.3854276708363279,0.04348562488582061,664462489,0.0,6974,89026,0.14529166666666668,14024,38043,1409,0.21127802074750163
reach_large_large-train-28,objective-train-28,reach_large_large,reach,train,large_large,48000,48000,28,0.4832912919264405,0.25223925328586505,720248602,0.0,31619,64381,0.6587291666666667,16134,42496,6030,0.7035860063534166
traffic_large_large-train-28,objective-train-28,traffic_large_large,traffic,train,large_large,48000,48000,28,0.4832912919264405,0.25223925328586505,720248602,0.0,2820,93180,0.05875,13880,37485,547,0.08410664938405718
reach_large_large-train-29,objective-train-29,reach_large_large,reach,train,large_large,48000,48000,33,0.3641846103812345,0.2560431673692234,1758088941,0.0,13770,82230,0.286875,14597,40542,2581,0.3489066236688257
traffic_large_large-train-29,objective-train-29,traffic_large_large,traffic,train,large_large,48000,48000,33,0.3641846103812345,0.2560431673692234,1758088941,0.0,1388,94612,0.028916666666666667,13516,37415,273,0.04318756331061465
reach_large_large-train-30,objective-train-30,reach_large_large,reach,train,large_large,48000,48000,26,0.726021643837444,0.3843226784055773,1679083572,0.0,14066,81934,0.29304166666666664,14219,38858,2180,0.3156435959709702
traffic_large_large-train-30,objective-train-30,traffic_large_large,traffic,train,large_large,48000,48000,26,0.726021643837444,0.3843226784055773,1679083572,0.0,4358,91642,0.09079166666666667,13770,37117,857,0.13414176048812576
reach_large_large-train-31,objective-train-31,reach_large_large,reach,train,large_large,48000,48000,21,0.31907354247966435,0.8688618121211921,1019177803,0.0,14873,81127,0.30985416666666665,15526,37420,2686,0.36985596753859823
traffic_large_large-train-31,objective-train-31,traffic_large_large,traffic,train,large_large,48000,48000,21,0.31907354247966435,0.8688618121211921,1019177803,0.0,5024,90976,0.10466666666666667,13999,37159,997,0.15332893309797088
reach_large_large-train-32,objective-train-32,reach_large_large,reach,train,large_large,48000,48000,28,0.8152072161169904,0.5520326468995974,2078171117,0.0,23662,72338,0.49295833333333333,15663,41594,4471,0.5490210821179128
traffic_large_large-train-32,objective-train-32,traffic_large_large,traffic,train,large_large,48000,48000,28,0.8152072161169904,0.5520326468995974,2078171117,0.0,4049,91951,0.08435416666666666,13863,37122,803,0.12482941712322188
reach_large_large-train-33,objective-train-33,reach_large_large,reach,train,large_large,48000,48000,22,0.02943471014728616,0.18402106750150776,666044124,0.0,11242,84758,0.23420833333333332,15425,37967,2061,0.28153767758480364
reach_large_large-train-34,objective-train-34,reach_large_large,reach,train,large_large,48000,48000,14,0.0,0.7290611218665172,936561681,0.0,14225,81775,0.29635416666666664,16210,37444,2609,0.34387358368797627
reach_large_large-train-35,objective-train-35,reach_large_large,reach,train,large_large,48000,48000,30,0.2582875195885236,0.9147248849041599,689069262,0.0,21731,74269,0.4527291666666667,14954,43271,4148,0.5128311849157087
reach_large_large-train-36,objective-train-36,reach_large_large,reach,train,large_large,48000,48000,18,0.5611612569493934,0.6503314546487026,1345063634,0.0,7823,88177,0.16297916666666667,15255,36083,1465,0.2129181879212475
reach_large_large-train-37,objective-train-37,reach_large_large,reach,train,large_large,48000,48000,7,0.4341794507670285,0.4645149804877901,1931477117,0.0,10570,85430,0.22020833333333334,15636,36419,1820,0.2556864400861942
reach_large_large-train-38,objective-train-38,reach_large_large,reach,train,large_large,48000,48000,15,0.0554236011325213,0.0053467386555686065,308398736,0.0,10375,85625,0.21614583333333334,14199,39503,1856,0.2647159568099158
reach_large_large-train-39,objective-train-39,reach_large_large,reach,train,large_large,48000,48000,12,0.6518496900354892,0.5869103829314951,1001835578,0.0,18366,77634,0.382625,14242,41430,3245,0.4399656528508978
reach_large_large-train-40,objective-train-40,reach_large_large,reach,train,large_large,48000,48000,30,0.02886605812958093,0.9268156137199517,1439215979,0.0,13211,82789,0.2752291666666667,13009,37136,1494,0.24740105522677125
reach_large_large-train-41,objective-train-41,reach_large_large,reach,train,large_large,48000,48000,32,1.0,0.2249976917286875,1914994253,0.0,5535,90465,0.1153125,13756,39399,896,0.1322575978576513
reach_large_large-train-42,objective-train-42,reach_large_large,reach,train,large_large,48000,48000,14,0.18183898740922017,0.30746571639726467,56681809,0.0,8439,87561,0.1758125,15533,35522,1255,0.1819621085077533
reach_large_large-train-43,objective-train-43,reach_large_large,reach,train,large_large,48000,48000,26,0.28870861718760077,0.2102350152335688,1452679829,0.0,18423,77577,0.3838125,14495,43184,3516,0.4493634720408629
reach_large_large-train-44,objective-train-44,reach_large_large,reach,train,large_large,48000,48000,42,0.804019920391007,0.6599457872883814,1822652180,0.0,26962,69038,0.5617083333333334,16028,41656,5149,0.616958540338161
reach_large_large-train-45,objective-train-45,reach_large_large,reach,train,large_large,48000,48000,25,0.0,0.4824055652324185,2016103916,0.0,23705,72295,0.49385416666666665,15070,43829,4587,0.5555765580666602
reach_large_large-train-46,objective-train-46,reach_large_large,reach,train,large_large,48000,48000,38,0.3569755953855734,0.4550726976697947,1725795857,0.0,16093,79907,0.33527083333333335,15983,38337,2890,0.3773213724351407
reach_large_large-train-47,objective-train-47,reach_large_large,reach,train,large_large,48000,48000,29,0.1071672613795866,0.7736500446381713,1270510488,0.0,23513,72487,0.48985416666666665,15762,40815,4419,0.5495191916919638
reach_large_large-train-48,objective-train-48,reach_large_large,reach,train,large_large,48000,48000,33,0.10233143213626783,0.8434631298457459,1307972317,0.0,8900,87100,0.18541666666666667,14794,36831,1594,0.2340341205377102
reach_medium_large-train-01,direction-train-01,reach_medium_large,reach,train,medium_large,12000,48000,26,0.1160893035723882,0.8239106964276117,248951850,1.4,2652,57348,0.221,4161,36348,547,0.2893337381889882
reach_large_medium-train-01,direction-train-01,reach_large_medium,reach,train,large_medium,48000,12000,26,0.1160893035723882,0.8239106964276117,248951850,1.4,2073,57927,0.17275,16639,8931,398,0.2142622928061254
reach_medium_large-train-02,direction-train-02,reach_medium_large,reach,train,medium_large,12000,48000,25,0.13738684024119546,0.8026131597588045,1395394720,1.4,3294,56706,0.2745,4056,37787,644,0.33615184124822156
reach_large_medium-train-02,direction-train-02,reach_large_medium,reach,train,large_medium,48000,12000,25,0.13738684024119546,0.8026131597588045,1395394720,1.4,1398,58602,0.1165,16041,8960,258,0.14360522589435998
reach_medium_large-train-03,direction-train-03,reach_medium_large,reach,train,medium_large,12000,48000,29,0.1199440510872529,0.820055948912747,1128152036,1.4,5136,54864,0.428,4035,39581,966,0.48387904188568565
reach_large_medium-train-03,direction-train-03,reach_large_medium,reach,train,large_medium,48000,12000,29,0.1199440510872529,0.820055948912747,1128152036,1.4,2316,57684,0.193,15772,9147,406,0.22513891722764937
reach_medium_large-train-04,direction-train-04,reach_medium_large,reach,train,medium_large,12000,48000,25,0.11079831409544613,0.8292016859045538,583513660,1.4,5910,54090,0.4925,4215,39672,1132,0.5415701755582011
reach_large_medium-train-04,direction-train-04,reach_large_medium,reach,train,large_medium,48000,12000,25,0.11079831409544613,0.8292016859045538,583513660,1.4,3340,56660,0.2783333333333333,16546,9358,613,0.31671920649077007
reach_medium_large-train-05,direction-train-05,reach_medium_large,reach,train,medium_large,12000,48000,24,0.10802629195111206,0.8319737080488879,2092139537,1.4,5012,54988,0.4176666666666667,3921,40306,965,0.488484465934555
reach_large_medium-train-05,direction-train-05,reach_large_medium,reach,train,large_medium,48000,12000,24,0.10802629195111206,0.8319737080488879,2092139537,1.4,4462,55538,0.37183333333333335,15521,10082,857,0.43813143792322323
reach_medium_large-train-06,direction-train-06,reach_medium_large,reach,train,medium_large,12000,48000,15,0.12062039472731909,0.8193796052726808,969907711,1.4,4816,55184,0.4013333333333333,4097,38523,874,0.44301186201642845
reach_large_medium-train-06,direction-train-06,reach_large_medium,reach,train,large_medium,48000,12000,15,0.12062039472731909,0.8193796052726808,969907711,1.4,1702,58298,0.14183333333333334,16512,9029,327,0.17546819421656834
reach_medium_large-train-07,direction-train-07,reach_medium_large,reach,train,medium_large,12000,48000,28,0.1110866627335027,0.8289133372664973,686217184,1.4,5585,54415,0.46541666666666665,4074,40022,1049,0.5146899200530528
reach_large_medium-train-07,direction-train-07,reach_large_medium,reach,train,large_medium,48000,12000,28,0.1110866627335027,0.8289133372664973,686217184,1.4,4388,55612,0.36566666666666664,16354,9746,834,0.418606181453081
reach_medium_large-train-08,direction-train-08,reach_medium_large,reach,train,medium_large,12000,48000,28,0.12189425395568948,0.8181057460443105,1301944867,1.4,7011,52989,0.58425,4170,40370,1371,0.6515273290409042
reach_large_medium-train-08,direction-train-08,reach_large_medium,reach,train,large_medium,48000,12000,28,0.12189425395568948,0.8181057460443105,1301944867,1.4,4707,55293,0.39225,16657,9668,940,0.4669650888206099
reach_medium_large-train-09,direction-train-09,reach_medium_large,reach,train,medium_large,12000,48000,29,0.11451756585528247,0.8254824341447174,395147401,1.4,3106,56894,0.25883333333333336,3978,37358,569,0.30630483828948285
reach_large_medium-train-09,direction-train-09,reach_large_medium,reach,train,large_medium,48000,12000,29,0.11451756585528247,0.8254824341447174,395147401,1.4,1629,58371,0.13575,15646,9025,292,0.1654330596299073
reach_medium_large-train-10,direction-train-10,reach_medium_large,reach,train,medium_large,12000,48000,15,0.12625378621449143,0.8137462137855085,1136121481,1.4,5921,54079,0.49341666666666667,4004,40171,1136,0.5650171192477832
reach_large_medium-train-10,direction-train-10,reach_large_medium,reach,train,large_medium,48000,12000,15,0.12625378621449143,0.8137462137855085,1136121481,1.4,3974,56026,0.33116666666666666,15818,9536,769,0.4078481655000123
reach_medium_large-train-11,direction-train-11,reach_medium_large,reach,train,medium_large,12000,48000,25,0.12010169614704629,0.8198983038529537,899991514,1.4,3082,56918,0.25683333333333336,3889,38128,593,0.31993570641102603
reach_large_medium-train-11,direction-train-11,reach_large_medium,reach,train,large_medium,48000,12000,25,0.12010169614704629,0.8198983038529537,899991514,1.4,1065,58935,0.08875,15460,8899,181,0.10524897269588702
reach_medium_large-train-12,direction-train-12,reach_medium_large,reach,train,medium_large,12000,48000,25,0.11928283203827601,0.8207171679617239,621878196,1.4,4664,55336,0.38866666666666666,4007,38535,861,0.44608583480271924
reach_large_medium-train-12,direction-train-12,reach_large_medium,reach,train,large_medium,48000,12000,25,0.11928283203827601,0.8207171679617239,621878196,1.4,355,59645,0.029583333333333333,16019,8602,52,0.0301896787032964
reach_medium_large-train-13,direction-train-13,reach_medium_large,reach,train,medium_large,12000,48000,36,0.12922867341938762,0.8107713265806124,1794918723,1.4,8119,51881,0.6765833333333333,4221,41468,1524,0.6965407223689459
reach_large_medium-train-13,direction-train-13,reach_large_medium,reach,train,large_medium,48000,12000,36,0.12922867341938762,0.8107713265806124,1794918723,1.4,8609,51391,0.7174166666666667,16485,10541,1692,0.778967934817372
reach_medium_large-train-14,direction-train-14,reach_medium_large,reach,train,medium_large,12000,48000,18,0.11263544219046755,0.8273645578095324,985176659,1.4,5950,54050,0.49583333333333335,4181,39534,1154,0.5585278976033478
reach_large_medium-train-14,direction-train-14,reach_large_medium,reach,train,large_medium,48000,12000,18,0.11263544219046755,0.8273645578095324,985176659,1.4,1178,58822,0.09816666666666667,16461,8831,212,0.11667014785347808
reach_medium_large-train-15,direction-train-15,reach_medium_large,reach,train,medium_large,12000,48000,20,0.12078146292375191,0.819218537076248,1064087044,1.4,4126,55874,0.3438333333333333,4115,37880,781,0.40083091581652625
reach_large_medium-train-15,direction-train-15,reach_large_medium,reach,train,large_medium,48000,12000,20,0.12078146292375191,0.819218537076248,1064087044,1.4,2695,57305,0.22458333333333333,16330,9217,522,0.27744999272823234
reach_medium_large-train-16,direction-train-16,reach_medium_large,reach,train,medium_large,12000,48000,25,0.1315501414373087,0.8084498585626912,1426001222,1.4,2477,57523,0.20641666666666666,4162,36778,501,0.2618409262019119
reach_large_medium-train-16,direction-train-16,reach_large_medium,reach,train,large_medium,48000,12000,25,0.1315501414373087,0.8084498585626912,1426001222,1.4,304,59696,0.025333333333333333,16514,8665,67,0.037457944547007314
reach_medium_large-train-17,direction-train-17,reach_medium_large,reach,train,medium_large,12000,48000,31,0.12146688618129649,0.8185331138187034,1774373389,1.4,4880,55120,0.4066666666666667,3953,40120,908,0.458023854063915
reach_large_medium-train-17,direction-train-17,reach_large_medium,reach,train,large_medium,48000,12000,31,0.12146688618129649,0.8185331138187034,1774373389,1.4,3368,56632,0.2806666666666667,15449,9725,632,0.3365248056421153
reach_medium_large-train-18,direction-train-18,reach_medium_large,reach,train,medium_large,12000,48000,29,0.11641714134454897,0.823582858655451,312414818,1.4,7405,52595,0.6170833333333333,4182,40613,1394,0.6566042071914577
reach_large_medium-train-18,direction-train-18,reach_large_medium,reach,train,large_medium,48000,12000,29,0.11641714134454897,0.823582858655451,312414818,1.4,5948,54052,0.49566666666666664,16638,9954,1181,0.570480925806009
reach_medium_large-train-19,direction-train-19,reach_medium_large,reach,train,medium_large,12000,48000,30,0.1283070193204584,0.8116929806795415,1510908309,1.4,2886,57114,0.2405,4181,37497,525,0.2678999299613905
reach_large_medium-train-19,direction-train-19,reach_large_medium,reach,train,large_medium,48000,12000,30,0.1283070193204584,0.8116929806795415,1510908309,1.4,941,59059,0.07841666666666666,16691,8789,156,0.0850731989777119
reach_medium_large-train-20,direction-train-20,reach_medium_large,reach,train,medium_large,12000,48000,39,0.1174407421623939,0.8225592578376061,1510500127,1.4,4739,55261,0.3949166666666667,4148,38477,891,0.4466092769568736
reach_large_medium-train-20,direction-train-20,reach_large_medium,reach,train,large_medium,48000,12000,39,0.1174407421623939,0.8225592578376061,1510500127,1.4,884,59116,0.07366666666666667,16446,8778,171,0.0947611308793359
reach_medium_large-train-21,direction-train-21,reach_medium_large,reach,train,medium_large,12000,48000,24,0.11559987498993447,0.8244001250100654,398736647,1.4,6210,53790,0.5175,4084,39946,1203,0.5899247039330717
reach_large_medium-train-21,direction-train-21,reach_large_medium,reach,train,large_medium,48000,12000,24,0.11559987498993447,0.8244001250100654,398736647,1.4,1220,58780,0.10166666666666667,16207,8863,246,0.13700667060277735
reach_medium_large-train-22,direction-train-22,reach_medium_large,reach,train,medium_large,12000,48000,31,0.11571736597621447,0.8242826340237854,648844578,1.4,6464,53536,0.5386666666666666,4104,40043,1257,0.6119152904779408
reach_large_medium-train-22,direction-train-22,reach_large_medium,reach,train,large_medium,48000,12000,31,0.11571736597621447,0.8242826340237854,648844578,1.4,5049,54951,0.42075,16539,9720,918,0.4568326715977723
reach_medium_large-train-23,direction-train-23,reach_medium_large,reach,train,medium_large,12000,48000,41,0.10023381553814537,0.8397661844618546,1407908923,1.4,6638,53362,0.5531666666666667,4123,39808,1220,0.5946564367562406
reach_large_medium-train-23,direction-train-23,reach_large_medium,reach,train,large_medium,48000,12000,41,0.10023381553814537,0.8397661844618546,1407908923,1.4,6583,53417,0.5485833333333333,16713,10018,1263,0.6034730735439089
reach_medium_large-train-24,direction-train-24,reach_medium_large,reach,train,medium_large,12000,48000,23,0.11599258776287515,0.8240074122371248,1911619419,1.4,5182,54818,0.43183333333333335,4156,39132,987,0.4855115387941428
reach_large_medium-train-24,direction-train-24,reach_large_medium,reach,train,large_medium,48000,12000,23,0.11599258776287515,0.8240074122371248,1911619419,1.4,780,59220,0.065,16584,8748,134,0.07389188095863577
reach_medium_large-train-25,direction-train-25,reach_medium_large,reach,train,medium_large,12000,48000,22,0.11383740618340349,0.8261625938165964,1247989085,1.4,2751,57249,0.22925,4184,36137,525,0.2777829072081807
reach_large_medium-train-25,direction-train-25,reach_large_medium,reach,train,large_medium,48000,12000,22,0.11383740618340349,0.8261625938165964,1247989085,1.4,278,59722,0.023166666666666665,16571,8654,45,0.02510365123263042
reach_medium_large-train-26,direction-train-26,reach_medium_large,reach,train,medium_large,12000,48000,30,0.1281032150935785,0.8118967849064215,1220746381,1.4,3998,56002,0.33316666666666667,4182,37469,745,0.3803558749966288
reach_large_medium-train-26,direction-train-26,reach_large_medium,reach,train,large_medium,48000,12000,30,0.1281032150935785,0.8118967849064215,1220746381,1.4,1626,58374,0.1355,16505,8922,330,0.17927766177924526
reach_medium_large-train-27,direction-train-27,reach_medium_large,reach,train,medium_large,12000,48000,44,0.1195344215195122,0.8204655784804877,1116665588,1.4,5617,54383,0.46808333333333335,4110,39410,1122,0.5541592504033027
reach_large_medium-train-27,direction-train-27,reach_large_medium,reach,train,large_medium,48000,12000,44,0.1195344215195122,0.8204655784804877,1116665588,1.4,4151,55849,0.34591666666666665,16089,9633,787,0.40623197793220917
reach_medium_large-train-28,direction-train-28,reach_medium_large,reach,train,medium_large,12000,48000,21,0.12452354195629109,0.8154764580437088,601442971,1.4,4358,55642,0.3631666666666667,4205,38130,875,0.43658140543662355
reach_large_medium-train-28,direction-train-28,reach_large_medium,reach,train,large_medium,48000,12000,21,0.12452354195629109,0.8154764580437088,601442971,1.4,415,59585,0.034583333333333334,16613,8649,82,0.04565516084929094
reach_medium_large-train-29,direction-train-29,reach_medium_large,reach,train,medium_large,12000,48000,25,0.12191739075808364,0.8180826092419163,2058111401,1.4,5833,54167,0.4860833333333333,4152,39804,1109,0.5368308565535673
reach_large_medium-train-29,direction-train-29,reach_large_medium,reach,train,large_medium,48000,12000,25,0.12191739075808364,0.8180826092419163,2058111401,1.4,2093,57907,0.17441666666666666,16362,9106,429,0.2303473630180208
reach_medium_large-train-30,direction-train-30,reach_medium_large,reach,train,medium_large,12000,48000,15,0.1250662949013876,0.8149337050986124,1943835820,1.4,4102,55898,0.3418333333333333,4136,37936,781,0.39820705869684214
reach_large_medium-train-30,direction-train-30,reach_large_medium,reach,train,large_medium,48000,12000,15,0.1250662949013876,0.8149337050986124,1943835820,1.4,1226,58774,0.10216666666666667,16657,8870,215,0.11641475844039148
reach_medium_large-train-31,direction-train-31,reach_medium_large,reach,train,medium_large,12000,48000,31,0.12102880750506578,0.8189711924949341,25318008,1.4,3756,56244,0.313,4242,37341,744,0.3757563374696455
reach_large_medium-train-31,direction-train-31,reach_large_medium,reach,train,large_medium,48000,12000,31,0.12102880750506578,0.8189711924949341,25318008,1.4,2876,57124,0.23966666666666667,16623,9202,548,0.2866017986903997
reach_medium_large-train-32,direction-train-32,reach_medium_large,reach,train,medium_large,12000,48000,29,0.1195442934725791,0.8204557065274208,1171795088,1.4,6084,53916,0.507,3967,41377,1129,0.5502533928449355
reach_large_medium-train-32,direction-train-32,reach_large_medium,reach,train,large_medium,48000,12000,29,0.1195442934725791,0.8204557065274208,1171795088,1.4,6031,53969,0.5025833333333334,15393,10448,1173,0.5834875123226295
reach_large_large-evaluation-01,objective-evaluation-01,reach_large_large,reach,evaluation,large_large,48000,48000,13,0.5047015092494731,0.2911196732245897,1493220492,0.0,19150,76850,0.39895833333333336,15507,39351,3618,0.47432387940651644
traffic_large_large-evaluation-01,objective-evaluation-01,traffic_large_large,traffic,evaluation,large_large,48000,48000,13,0.5047015092494731,0.2911196732245897,1493220492,0.0,3967,92033,0.08264583333333334,14097,37804,779,0.11693997332312489
conversion_large_large-evaluation-01,objective-evaluation-01,conversion_large_large,conversion,evaluation,large_large,48000,48000,13,0.5047015092494731,0.2911196732245897,1493220492,0.0,35879,60121,0.7474791666666667,14410,38059,5235,0.7636341099311108
reach_large_large-evaluation-02,objective-evaluation-02,reach_large_large,reach,evaluation,large_large,48000,48000,24,0.0,0.4278350704652485,270725938,0.0,29600,66400,0.6166666666666667,15861,42672,5688,0.6723199698392156
traffic_large_large-evaluation-02,objective-evaluation-02,traffic_large_large,traffic,evaluation,large_large,48000,48000,24,0.0,0.4278350704652485,270725938,0.0,7132,88868,0.14858333333333335,14257,38641,1416,0.20562538746149864
conversion_large_large-evaluation-02,objective-evaluation-02,conversion_large_large,conversion,evaluation,large_large,48000,48000,24,0.0,0.4278350704652485,270725938,0.0,39225,56775,0.8171875,14254,38151,5649,0.8310341700574174
reach_large_large-evaluation-03,objective-evaluation-03,reach_large_large,reach,evaluation,large_large,48000,48000,29,1.0,0.2138302635532795,744441426,0.0,6445,89555,0.13427083333333334,13411,40878,953,0.1390695616644524
traffic_large_large-evaluation-03,objective-evaluation-03,traffic_large_large,traffic,evaluation,large_large,48000,48000,29,1.0,0.2138302635532795,744441426,0.0,1844,94156,0.03841666666666667,13485,37682,381,0.05998326018347203
conversion_large_large-evaluation-03,objective-evaluation-03,conversion_large_large,conversion,evaluation,large_large,48000,48000,29,1.0,0.2138302635532795,744441426,0.0,34276,61724,0.7140833333333333,14042,37621,4868,0.7371930845549225
reach_large_large-evaluation-04,objective-evaluation-04,reach_large_large,reach,evaluation,large_large,48000,48000,25,0.0,0.422390422254839,1725793011,0.0,14084,81916,0.29341666666666666,15196,38310,2588,0.35564181839331943
traffic_large_large-evaluation-04,objective-evaluation-04,traffic_large_large,traffic,evaluation,large_large,48000,48000,25,0.0,0.422390422254839,1725793011,0.0,4455,91545,0.0928125,14358,36785,915,0.13859461988181856
conversion_large_large-evaluation-04,objective-evaluation-04,conversion_large_large,conversion,evaluation,large_large,48000,48000,25,0.0,0.422390422254839,1725793011,0.0,31420,64580,0.6545833333333333,14336,37761,4575,0.6760979298369065
reach_large_large-evaluation-05,objective-evaluation-05,reach_large_large,reach,evaluation,large_large,48000,48000,9,0.48287492103792473,0.5384558924237063,1431373835,0.0,8099,87901,0.16872916666666668,13345,38115,1101,0.17316607118712096
traffic_large_large-evaluation-05,objective-evaluation-05,traffic_large_large,traffic,evaluation,large_large,48000,48000,9,0.48287492103792473,0.5384558924237063,1431373835,0.0,1892,94108,0.03941666666666667,13466,37447,349,0.055368119443756164
conversion_large_large-evaluation-05,objective-evaluation-05,conversion_large_large,conversion,evaluation,large_large,48000,48000,9,0.48287492103792473,0.5384558924237063,1431373835,0.0,31198,64802,0.6499583333333333,14011,37836,4436,0.6694330883405921
reach_large_large-evaluation-06,objective-evaluation-06,reach_large_large,reach,evaluation,large_large,48000,48000,22,0.9056526538350056,0.28752840428650145,931535037,0.0,12599,83401,0.26247916666666665,14536,40077,2351,0.3228512686001846
traffic_large_large-evaluation-06,objective-evaluation-06,traffic_large_large,traffic,evaluation,large_large,48000,48000,22,0.9056526538350056,0.28752840428650145,931535037,0.0,2017,93983,0.042020833333333334,13557,37435,411,0.06478737372114764
conversion_large_large-evaluation-06,objective-evaluation-06,conversion_large_large,conversion,evaluation,large_large,48000,48000,22,0.9056526538350056,0.28752840428650145,931535037,0.0,35871,60129,0.7473125,14045,37837,5087,0.7657963395157017
reach_large_large-evaluation-07,objective-evaluation-07,reach_large_large,reach,evaluation,large_large,48000,48000,31,0.42567738636862407,0.011171866511471895,465596408,0.0,4974,91026,0.103625,13172,39505,969,0.1489738274585592
traffic_large_large-evaluation-07,objective-evaluation-07,traffic_large_large,traffic,evaluation,large_large,48000,48000,31,0.42567738636862407,0.011171866511471895,465596408,0.0,1411,94589,0.029395833333333333,13566,36667,280,0.04503195763235814
conversion_large_large-evaluation-07,objective-evaluation-07,conversion_large_large,conversion,evaluation,large_large,48000,48000,31,0.42567738636862407,0.011171866511471895,465596408,0.0,33804,62196,0.70425,14105,37725,4937,0.7422509724824867
reach_large_large-evaluation-08,objective-evaluation-08,reach_large_large,reach,evaluation,large_large,48000,48000,49,0.0,0.714729423604531,121875503,0.0,10966,85034,0.22845833333333335,15565,36869,1950,0.2718404716041847
traffic_large_large-evaluation-08,objective-evaluation-08,traffic_large_large,traffic,evaluation,large_large,48000,48000,49,0.0,0.714729423604531,121875503,0.0,6155,89845,0.12822916666666667,14152,37400,1214,0.18349289456262488
conversion_large_large-evaluation-08,objective-evaluation-08,conversion_large_large,conversion,evaluation,large_large,48000,48000,49,0.0,0.714729423604531,121875503,0.0,36820,59180,0.7670833333333333,14208,37831,5289,0.7871958289605194
reach_large_large-evaluation-09,objective-evaluation-09,reach_large_large,reach,evaluation,large_large,48000,48000,14,0.5133586242006233,0.6507444285076575,1996006680,0.0,5754,90246,0.119875,14813,35251,1076,0.1648495606139683
traffic_large_large-evaluation-09,objective-evaluation-09,traffic_large_large,traffic,evaluation,large_large,48000,48000,14,0.5133586242006233,0.6507444285076575,1996006680,0.0,6471,89529,0.1348125,14263,37276,1268,0.19079590761135512
conversion_large_large-evaluation-09,objective-evaluation-09,conversion_large_large,conversion,evaluation,large_large,48000,48000,14,0.5133586242006233,0.6507444285076575,1996006680,0.0,36083,59917,0.7517291666666667,14288,37943,5212,0.7691150092262812
reach_large_large-evaluation-10,objective-evaluation-10,reach_large_large,reach,evaluation,large_large,48000,48000,27,0.9269112808528273,0.7083150379790368,906208262,0.0,13273,82727,0.2765208333333333,14055,40862,2248,0.3131380368149969
traffic_large_large-evaluation-10,objective-evaluation-10,traffic_large_large,traffic,evaluation,large_large,48000,48000,27,0.9269112808528273,0.7083150379790368,906208262,0.0,2131,93869,0.044395833333333336,13687,36679,437,0.06963790062501471
conversion_large_large-evaluation-10,objective-evaluation-10,conversion_large_large,conversion,evaluation,large_large,48000,48000,27,0.9269112808528273,0.7083150379790368,906208262,0.0,29837,66163,0.6216041666666666,13950,37739,4294,0.6525103899344117
reach_large_large-evaluation-11,objective-evaluation-11,reach_large_large,reach,evaluation,large_large,48000,48000,20,0.0,0.22604973294147102,1080238876,0.0,24758,71242,0.5157916666666666,15863,40980,4521,0.5563744983699649
traffic_large_large-evaluation-11,objective-evaluation-11,traffic_large_large,traffic,evaluation,large_large,48000,48000,20,0.0,0.22604973294147102,1080238876,0.0,7573,88427,0.15777083333333333,14495,37853,1496,0.21812380051160493
conversion_large_large-evaluation-11,objective-evaluation-11,conversion_large_large,conversion,evaluation,large_large,48000,48000,20,0.0,0.22604973294147102,1080238876,0.0,39505,56495,0.8230208333333333,14279,37915,5649,0.8347428500415371
reach_large_large-evaluation-12,objective-evaluation-12,reach_large_large,reach,evaluation,large_large,48000,48000,30,0.0,0.8027994330207042,2089298248,0.0,15838,80162,0.32995833333333335,14603,41710,2974,0.3906147837023993
traffic_large_large-evaluation-12,objective-evaluation-12,traffic_large_large,traffic,evaluation,large_large,48000,48000,30,0.0,0.8027994330207042,2089298248,0.0,6327,89673,0.1318125,13937,37913,1265,0.19152393744236976
conversion_large_large-evaluation-12,objective-evaluation-12,conversion_large_large,conversion,evaluation,large_large,48000,48000,30,0.0,0.8027994330207042,2089298248,0.0,35099,60901,0.7312291666666667,14182,37928,5100,0.7585124957199818
reach_large_large-evaluation-13,objective-evaluation-13,reach_large_large,reach,evaluation,large_large,48000,48000,22,0.6471500725586017,0.8811986334969875,1880231740,0.0,5219,90781,0.10872916666666667,13061,41841,930,0.13614272856718615
traffic_large_large-evaluation-13,objective-evaluation-13,traffic_large_large,traffic,evaluation,large_large,48000,48000,22,0.6471500725586017,0.8811986334969875,1880231740,0.0,5867,90133,0.12222916666666667,13860,37604,1165,0.17882104894124895
conversion_large_large-evaluation-13,objective-evaluation-13,conversion_large_large,conversion,evaluation,large_large,48000,48000,22,0.6471500725586017,0.8811986334969875,1880231740,0.0,28749,67251,0.5989375,14055,37947,4221,0.633136049242865
reach_large_large-evaluation-14,objective-evaluation-14,reach_large_large,reach,evaluation,large_large,48000,48000,31,0.36149847505241955,0.7398079580465902,709475362,0.0,21216,74784,0.442,15795,40285,4023,0.5057978993687074
traffic_large_large-evaluation-14,objective-evaluation-14,traffic_large_large,traffic,evaluation,large_large,48000,48000,31,0.36149847505241955,0.7398079580465902,709475362,0.0,2509,93491,0.052270833333333336,14041,36744,481,0.07458484501385503
conversion_large_large-evaluation-14,objective-evaluation-14,conversion_large_large,conversion,evaluation,large_large,48000,48000,31,0.36149847505241955,0.7398079580465902,709475362,0.0,35515,60485,0.7398958333333333,14244,37703,5172,0.7704432066159085
reach_large_large-evaluation-15,objective-evaluation-15,reach_large_large,reach,evaluation,large_large,48000,48000,17,0.2847171291126599,0.0,1445160411,0.0,4467,91533,0.0930625,16142,33977,835,0.12179629833845747
traffic_large_large-evaluation-15,objective-evaluation-15,traffic_large_large,traffic,evaluation,large_large,48000,48000,17,0.2847171291126599,0.0,1445160411,0.0,6783,89217,0.1413125,14207,37233,1344,0.20326324046624933
conversion_large_large-evaluation-15,objective-evaluation-15,conversion_large_large,conversion,evaluation,large_large,48000,48000,17,0.2847171291126599,0.0,1445160411,0.0,38238,57762,0.796625,14236,37865,5489,0.8146241433061742
reach_large_large-evaluation-16,objective-evaluation-16,reach_large_large,reach,evaluation,large_large,48000,48000,7,0.17149729691981722,0.2594916300103891,296597052,0.0,31700,64300,0.6604166666666667,15815,43176,5989,0.7016696609766283
traffic_large_large-evaluation-16,objective-evaluation-16,traffic_large_large,traffic,evaluation,large_large,48000,48000,7,0.17149729691981722,0.2594916300103891,296597052,0.0,5069,90931,0.10560416666666667,13918,38557,1014,0.15116382561101538
conversion_large_large-evaluation-16,objective-evaluation-16,conversion_large_large,conversion,evaluation,large_large,48000,48000,7,0.17149729691981722,0.2594916300103891,296597052,0.0,36320,59680,0.7566666666666667,14224,38064,5217,0.7708584819079203
reach_large_large-evaluation-17,objective-evaluation-17,reach_large_large,reach,evaluation,large_large,48000,48000,23,1.0,0.0,283370203,0.0,14926,81074,0.31095833333333334,15608,38248,2663,0.3568659945275009
traffic_large_large-evaluation-17,objective-evaluation-17,traffic_large_large,traffic,evaluation,large_large,48000,48000,23,1.0,0.0,283370203,0.0,3833,92167,0.07985416666666667,14188,37595,785,0.11773575544528808
conversion_large_large-evaluation-17,objective-evaluation-17,conversion_large_large,conversion,evaluation,large_large,48000,48000,23,1.0,0.0,283370203,0.0,38927,57073,0.8109791666666667,14224,37875,5550,0.8241544064417691
reach_large_large-evaluation-18,objective-evaluation-18,reach_large_large,reach,evaluation,large_large,48000,48000,16,0.3090012843782684,0.5881537787802615,610014123,0.0,11175,84825,0.2328125,15009,38941,2024,0.2770394635581114
traffic_large_large-evaluation-18,objective-evaluation-18,traffic_large_large,traffic,evaluation,large_large,48000,48000,16,0.3090012843782684,0.5881537787802615,610014123,0.0,3199,92801,0.06664583333333333,14059,36517,661,0.10300111452932534
conversion_large_large-evaluation-18,objective-evaluation-18,conversion_large_large,conversion,evaluation,large_large,48000,48000,16,0.3090012843782684,0.5881537787802615,610014123,0.0,33310,62690,0.6939583333333333,14224,37532,4821,0.7224431327412008
reach_large_large-evaluation-19,objective-evaluation-19,reach_large_large,reach,evaluation,large_large,48000,48000,26,0.0,0.25660365734774643,354003159,0.0,10065,85935,0.2096875,14258,39699,1801,0.2545455577205002
traffic_large_large-evaluation-19,objective-evaluation-19,traffic_large_large,traffic,evaluation,large_large,48000,48000,26,0.0,0.25660365734774643,354003159,0.0,3586,92414,0.07470833333333333,13988,36666,725,0.11308599818928261
conversion_large_large-evaluation-19,objective-evaluation-19,conversion_large_large,conversion,evaluation,large_large,48000,48000,26,0.0,0.25660365734774643,354003159,0.0,34784,61216,0.7246666666666667,14266,37763,5037,0.7479855871626903
reach_large_large-evaluation-20,objective-evaluation-20,reach_large_large,reach,evaluation,large_large,48000,48000,18,0.410641497242,0.2624881683737998,1706818253,0.0,7326,88674,0.152625,16254,35124,1342,0.1880521395435997
traffic_large_large-evaluation-20,objective-evaluation-20,traffic_large_large,traffic,evaluation,large_large,48000,48000,18,0.410641497242,0.2624881683737998,1706818253,0.0,1420,94580,0.029583333333333333,14143,36030,291,0.045685372726998165
conversion_large_large-evaluation-20,objective-evaluation-20,conversion_large_large,conversion,evaluation,large_large,48000,48000,18,0.410641497242,0.2624881683737998,1706818253,0.0,28952,67048,0.6031666666666666,14329,37199,4289,0.6437227907309344
reach_large_large-evaluation-21,objective-evaluation-21,reach_large_large,reach,evaluation,large_large,48000,48000,40,0.16823367828768246,0.22366993753333,620000016,0.0,14983,81017,0.31214583333333334,14288,42297,2809,0.37184394965680356
traffic_large_large-evaluation-21,objective-evaluation-21,traffic_large_large,traffic,evaluation,large_large,48000,48000,40,0.16823367828768246,0.22366993753333,620000016,0.0,2901,93099,0.0604375,13755,37220,581,0.09078814777138343
reach_large_large-evaluation-22,objective-evaluation-22,reach_large_large,reach,evaluation,large_large,48000,48000,22,0.34384911825186,0.7243354277272609,722791049,0.0,12821,83179,0.26710416666666664,14894,38190,2217,0.31181332634882736
traffic_large_large-evaluation-22,objective-evaluation-22,traffic_large_large,traffic,evaluation,large_large,48000,48000,22,0.34384911825186,0.7243354277272609,722791049,0.0,2757,93243,0.0574375,13612,36899,569,0.09062869291516246
reach_large_large-evaluation-23,objective-evaluation-23,reach_large_large,reach,evaluation,large_large,48000,48000,21,0.6622449039369136,0.6840675346785667,1075018410,0.0,23750,72250,0.4947916666666667,16035,40682,4460,0.5469575051882399
traffic_large_large-evaluation-23,objective-evaluation-23,traffic_large_large,traffic,evaluation,large_large,48000,48000,21,0.6622449039369136,0.6840675346785667,1075018410,0.0,4943,91057,0.10297916666666666,14289,37000,992,0.15010601615682445
reach_large_large-evaluation-24,objective-evaluation-24,reach_large_large,reach,evaluation,large_large,48000,48000,25,0.0,0.32310708173402203,499758311,0.0,10982,85018,0.22879166666666667,14886,38915,2017,0.27854850748078647
traffic_large_large-evaluation-24,objective-evaluation-24,traffic_large_large,traffic,evaluation,large_large,48000,48000,25,0.0,0.32310708173402203,499758311,0.0,5434,90566,0.11320833333333333,13964,37373,1081,0.16570968048743914
reach_large_large-evaluation-25,objective-evaluation-25,reach_large_large,reach,evaluation,large_large,48000,48000,14,0.3954461545629714,0.0,1704949725,0.0,7992,88008,0.1665,13212,41656,1312,0.1907118558409082
traffic_large_large-evaluation-25,objective-evaluation-25,traffic_large_large,traffic,evaluation,large_large,48000,48000,14,0.3954461545629714,0.0,1704949725,0.0,4607,91393,0.09597916666666667,13601,38519,912,0.13926403716834992
reach_large_large-evaluation-26,objective-evaluation-26,reach_large_large,reach,evaluation,large_large,48000,48000,33,0.3515375273873568,0.0,2117627239,0.0,5294,90706,0.11029166666666666,13284,38884,879,0.1361379042587189
traffic_large_large-evaluation-26,objective-evaluation-26,traffic_large_large,traffic,evaluation,large_large,48000,48000,33,0.3515375273873568,0.0,2117627239,0.0,4355,91645,0.09072916666666667,13625,37707,828,0.12893233023435405
reach_large_large-evaluation-27,objective-evaluation-27,reach_large_large,reach,evaluation,large_large,48000,48000,21,0.690032005525684,0.0,785845563,0.0,8397,87603,0.1749375,14903,36357,1536,0.22678768144461012
traffic_large_large-evaluation-27,objective-evaluation-27,traffic_large_large,traffic,evaluation,large_large,48000,48000,21,0.690032005525684,0.0,785845563,0.0,4065,91935,0.0846875,13760,37677,782,0.12067074416506031
reach_large_large-evaluation-28,objective-evaluation-28,reach_large_large,reach,evaluation,large_large,48000,48000,9,0.9306547583479177,0.19570909248746443,1854316086,0.0,7811,88189,0.16272916666666667,15261,35908,1444,0.2108060017840991
traffic_large_large-evaluation-28,objective-evaluation-28,traffic_large_large,traffic,evaluation,large_large,48000,48000,9,0.9306547583479177,0.19570909248746443,1854316086,0.0,2103,93897,0.0438125,13705,36482,417,0.06672189356733946
reach_large_large-evaluation-29,objective-evaluation-29,reach_large_large,reach,evaluation,large_large,48000,48000,38,0.2514694625219769,0.0,1781429690,0.0,9288,86712,0.1935,13586,42803,1760,0.2421234399017757
traffic_large_large-evaluation-29,objective-evaluation-29,traffic_large_large,traffic,evaluation,large_large,48000,48000,38,0.2514694625219769,0.0,1781429690,0.0,6179,89821,0.12872916666666667,13830,38894,1213,0.18040393154154158
reach_large_large-evaluation-30,objective-evaluation-30,reach_large_large,reach,evaluation,large_large,48000,48000,17,0.11763641474588118,0.0,520969171,0.0,23048,72952,0.4801666666666667,16270,40069,4295,0.5270564085189067
traffic_large_large-evaluation-30,objective-evaluation-30,traffic_large_large,traffic,evaluation,large_large,48000,48000,17,0.11763641474588118,0.0,520969171,0.0,2215,93785,0.04614583333333333,14010,36604,452,0.07051179001588935
reach_large_large-evaluation-31,objective-evaluation-31,reach_large_large,reach,evaluation,large_large,48000,48000,31,0.20510435448399508,0.3174798947942376,944308869,0.0,16474,79526,0.34320833333333334,15012,39120,2885,0.3930052958315012
traffic_large_large-evaluation-31,objective-evaluation-31,traffic_large_large,traffic,evaluation,large_large,48000,48000,31,0.20510435448399508,0.3174798947942376,944308869,0.0,3772,92228,0.07858333333333334,13931,37101,754,0.11670606473416477
reach_large_large-evaluation-32,objective-evaluation-32,reach_large_large,reach,evaluation,large_large,48000,48000,32,0.6359842812592048,0.48907587942760544,555173565,0.0,4090,91910,0.08520833333333333,16447,34414,742,0.10487501730057933
traffic_large_large-evaluation-32,objective-evaluation-32,traffic_large_large,traffic,evaluation,large_large,48000,48000,32,0.6359842812592048,0.48907587942760544,555173565,0.0,6866,89134,0.14304166666666668,14356,37408,1352,0.20140430042275836
reach_large_large-evaluation-33,objective-evaluation-33,reach_large_large,reach,evaluation,large_large,48000,48000,26,0.11652901610163591,0.27176769720008503,218479529,0.0,31754,64246,0.6615416666666667,16493,41662,5989,0.6972756938590983
reach_large_large-evaluation-34,objective-evaluation-34,reach_large_large,reach,evaluation,large_large,48000,48000,27,0.748962329848899,0.21782534734021158,13085334,0.0,17544,78456,0.3655,15024,39860,3200,0.42748127498427674
reach_large_large-evaluation-35,objective-evaluation-35,reach_large_large,reach,evaluation,large_large,48000,48000,13,0.3077958198439726,0.042811436891757704,659593403,0.0,27809,68191,0.5793541666666666,16244,41270,5311,0.633780450265747
reach_large_large-evaluation-36,objective-evaluation-36,reach_large_large,reach,evaluation,large_large,48000,48000,33,0.10340980625010654,0.04978341307021589,1278133723,0.0,24975,71025,0.5203125,16016,40841,4813,0.5886476589936349
reach_large_large-evaluation-37,objective-evaluation-37,reach_large_large,reach,evaluation,large_large,48000,48000,9,0.81965689275541,0.04549223986218304,650595887,0.0,9262,86738,0.19295833333333334,16557,36590,1812,0.2392787449314824
reach_large_large-evaluation-38,objective-evaluation-38,reach_large_large,reach,evaluation,large_large,48000,48000,23,0.5519354737291685,0.35128171207419473,1934924163,0.0,6660,89340,0.13875,15216,35542,1176,0.17396222215082274
reach_large_large-evaluation-39,objective-evaluation-39,reach_large_large,reach,evaluation,large_large,48000,48000,20,0.5124403216077904,0.6414957523305003,1756251372,0.0,3422,92578,0.07129166666666667,13394,40514,587,0.08653915890674918
reach_large_large-evaluation-40,objective-evaluation-40,reach_large_large,reach,evaluation,large_large,48000,48000,19,0.0,0.5753237769066283,1328390970,0.0,18857,77143,0.39285416666666667,15871,39318,3502,0.44896286293489746
reach_large_large-evaluation-41,objective-evaluation-41,reach_large_large,reach,evaluation,large_large,48000,48000,28,0.45326692183054795,1.0,1546432917,0.0,7695,88305,0.1603125,12862,38567,939,0.15143672752779458
reach_large_large-evaluation-42,objective-evaluation-42,reach_large_large,reach,evaluation,large_large,48000,48000,32,0.0,0.9648067696495477,47431754,0.0,17199,78801,0.3583125,15669,39350,3197,0.414807505621983
reach_large_large-evaluation-43,objective-evaluation-43,reach_large_large,reach,evaluation,large_large,48000,48000,25,0.31492620035490726,0.0,1654208873,0.0,12168,83832,0.2535,13899,41843,2257,0.3104668081157984
reach_large_large-evaluation-44,objective-evaluation-44,reach_large_large,reach,evaluation,large_large,48000,48000,49,0.3375791952731661,0.5527003882557047,1810568301,0.0,18933,77067,0.3944375,14433,43371,3495,0.4466641736863033
reach_large_large-evaluation-45,objective-evaluation-45,reach_large_large,reach,evaluation,large_large,48000,48000,34,0.44488324199454654,0.06466563809470219,1633798368,0.0,13289,82711,0.2768541666666667,14949,39246,2438,0.33244219938236585
reach_large_large-evaluation-46,objective-evaluation-46,reach_large_large,reach,evaluation,large_large,48000,48000,26,0.1926435727045711,0.40281442173729487,620554685,0.0,8674,87326,0.18070833333333333,14555,37789,1559,0.22675584626960862
reach_large_large-evaluation-47,objective-evaluation-47,reach_large_large,reach,evaluation,large_large,48000,48000,27,0.22130732266552852,0.32673270031046214,1608987993,0.0,17265,78735,0.3596875,15463,39665,3159,0.41203907011462215
reach_large_large-evaluation-48,objective-evaluation-48,reach_large_large,reach,evaluation,large_large,48000,48000,21,0.4903499240720006,0.7736231874218231,1953172970,0.0,17551,78449,0.36564583333333334,14405,42774,3281,0.4259936149321863
reach_medium_large-evaluation-01,direction-evaluation-01,reach_medium_large,reach,evaluation,medium_large,12000,48000,27,0.12817885192498313,0.8118211480750168,1280301090,1.4,2618,57382,0.21816666666666668,4202,36168,501,0.2637224919280388
reach_large_medium-evaluation-01,direction-evaluation-01,reach_large_medium,reach,evaluation,large_medium,48000,12000,27,0.12817885192498313,0.8118211480750168,1280301090,1.4,458,59542,0.03816666666666667,16592,8625,83,0.04639917264125892
reach_medium_large-evaluation-02,direction-evaluation-02,reach_medium_large,reach,evaluation,medium_large,12000,48000,20,0.11780851590350218,0.8221914840964978,402544222,1.4,6605,53395,0.5504166666666667,4060,40858,1291,0.6226056988917764
reach_large_medium-evaluation-02,direction-evaluation-02,reach_large_medium,reach,evaluation,large_medium,48000,12000,20,0.11780851590350218,0.8221914840964978,402544222,1.4,5466,54534,0.4555,15959,10007,1043,0.5224740450968113
reach_medium_large-evaluation-03,direction-evaluation-03,reach_medium_large,reach,evaluation,medium_large,12000,48000,21,0.11320787595698854,0.8267921240430114,408308555,1.4,5521,54479,0.46008333333333334,4226,38973,1068,0.5187617056083422
reach_large_medium-evaluation-03,direction-evaluation-03,reach_large_medium,reach,evaluation,large_medium,48000,12000,21,0.11320787595698854,0.8267921240430114,408308555,1.4,1326,58674,0.1105,16698,8891,258,0.13902555132017086
reach_medium_large-evaluation-04,direction-evaluation-04,reach_medium_large,reach,evaluation,medium_large,12000,48000,24,0.11933316931577644,0.8206668306842235,1937287529,1.4,5568,54432,0.464,4086,39669,1074,0.5300839483436154
reach_large_medium-evaluation-04,direction-evaluation-04,reach_large_medium,reach,evaluation,large_medium,48000,12000,24,0.11933316931577644,0.8206668306842235,1937287529,1.4,3169,56831,0.26408333333333334,16146,9395,636,0.3354172315460697
reach_medium_large-evaluation-05,direction-evaluation-05,reach_medium_large,reach,evaluation,medium_large,12000,48000,26,0.10254967038568069,0.8374503296143192,596075615,1.4,1016,58984,0.08466666666666667,4114,34620,190,0.10672157772686973
reach_large_medium-evaluation-05,direction-evaluation-05,reach_large_medium,reach,evaluation,large_medium,48000,12000,26,0.10254967038568069,0.8374503296143192,596075615,1.4,528,59472,0.044,16631,8540,91,0.051257231458928666
reach_medium_large-evaluation-06,direction-evaluation-06,reach_medium_large,reach,evaluation,medium_large,12000,48000,32,0.11261869741329497,0.827381302586705,1321572207,1.4,3968,56032,0.33066666666666666,3910,38300,749,0.4001255400559588
reach_large_medium-evaluation-06,direction-evaluation-06,reach_large_medium,reach,evaluation,large_medium,48000,12000,32,0.11261869741329497,0.827381302586705,1321572207,1.4,3547,56453,0.2955833333333333,15561,9582,656,0.3519655498695145
reach_medium_large-evaluation-07,direction-evaluation-07,reach_medium_large,reach,evaluation,medium_large,12000,48000,30,0.11721516621900376,0.8227848337809962,986491535,1.4,4818,55182,0.4015,4186,38275,968,0.4833379780132401
reach_large_medium-evaluation-07,direction-evaluation-07,reach_large_medium,reach,evaluation,large_medium,48000,12000,30,0.11721516621900376,0.8227848337809962,986491535,1.4,2706,57294,0.2255,16584,9091,529,0.2807014862798791
reach_medium_large-evaluation-08,direction-evaluation-08,reach_medium_large,reach,evaluation,medium_large,12000,48000,28,0.1233023759436647,0.8166976240563353,1262227912,1.4,8119,51881,0.6765833333333333,4069,42093,1547,0.7225746671241959
reach_large_medium-evaluation-08,direction-evaluation-08,reach_large_medium,reach,evaluation,large_medium,48000,12000,28,0.1233023759436647,0.8166976240563353,1262227912,1.4,7888,52112,0.6573333333333333,16224,10569,1577,0.7357492782938752
reach_medium_large-evaluation-09,direction-evaluation-09,reach_medium_large,reach,evaluation,medium_large,12000,48000,26,0.11487114096182952,0.8251288590381705,368735013,1.4,2535,57465,0.21125,3991,36264,464,0.25647824525544266
reach_large_medium-evaluation-09,direction-evaluation-09,reach_large_medium,reach,evaluation,large_medium,48000,12000,26,0.11487114096182952,0.8251288590381705,368735013,1.4,1218,58782,0.1015,15699,8855,235,0.13523754997180337
reach_medium_large-evaluation-10,direction-evaluation-10,reach_medium_large,reach,evaluation,medium_large,12000,48000,30,0.1209925888631071,0.8190074111368928,312042044,1.4,6115,53885,0.5095833333333334,4128,39645,1176,0.5748694078551798
reach_large_medium-evaluation-10,direction-evaluation-10,reach_large_medium,reach,evaluation,large_medium,48000,12000,30,0.1209925888631071,0.8190074111368928,312042044,1.4,3680,56320,0.30666666666666664,16631,9412,729,0.3725780224504068
reach_medium_large-evaluation-11,direction-evaluation-11,reach_medium_large,reach,evaluation,medium_large,12000,48000,28,0.11067806973773563,0.8293219302622643,1308488395,1.4,7652,52348,0.6376666666666667,4102,40977,1419,0.6753619156348033
reach_large_medium-evaluation-11,direction-evaluation-11,reach_large_medium,reach,evaluation,large_medium,48000,12000,28,0.11067806973773563,0.8293219302622643,1308488395,1.4,7370,52630,0.6141666666666666,16451,10250,1366,0.6480738808968541
reach_medium_large-evaluation-12,direction-evaluation-12,reach_medium_large,reach,evaluation,medium_large,12000,48000,22,0.1401546649086616,0.7998453350913384,720001138,1.4,5131,54869,0.4275833333333333,4193,38749,1012,0.49829340356348834
reach_large_medium-evaluation-12,direction-evaluation-12,reach_large_medium,reach,evaluation,large_medium,48000,12000,22,0.1401546649086616,0.7998453350913384,720001138,1.4,2364,57636,0.197,16746,9135,470,0.24579226200200022
reach_medium_large-evaluation-13,direction-evaluation-13,reach_medium_large,reach,evaluation,medium_large,12000,48000,15,0.12121220918343097,0.8187877908165689,1029261723,1.4,3302,56698,0.27516666666666667,4170,37666,635,0.3234284021834728
reach_large_medium-evaluation-13,direction-evaluation-13,reach_large_medium,reach,evaluation,large_medium,48000,12000,15,0.12121220918343097,0.8187877908165689,1029261723,1.4,1259,58741,0.10491666666666667,16584,8874,239,0.12992094609411428
reach_medium_large-evaluation-14,direction-evaluation-14,reach_medium_large,reach,evaluation,medium_large,12000,48000,24,0.10323486673842128,0.8367651332615786,445776604,1.4,4373,55627,0.36441666666666667,4254,38131,793,0.3910997098723222
reach_large_medium-evaluation-14,direction-evaluation-14,reach_large_medium,reach,evaluation,large_medium,48000,12000,24,0.10323486673842128,0.8367651332615786,445776604,1.4,496,59504,0.04133333333333333,16608,8697,88,0.04874003681645145
reach_medium_large-evaluation-15,direction-evaluation-15,reach_medium_large,reach,evaluation,medium_large,12000,48000,24,0.1325085907961275,0.8074914092038724,1329231651,1.4,6562,53438,0.5468333333333333,4109,40753,1299,0.6205880553150104
reach_large_medium-evaluation-15,direction-evaluation-15,reach_large_medium,reach,evaluation,large_medium,48000,12000,24,0.1325085907961275,0.8074914092038724,1329231651,1.4,5917,54083,0.4930833333333333,15924,10171,1111,0.5487672974996191
reach_medium_large-evaluation-16,direction-evaluation-16,reach_medium_large,reach,evaluation,medium_large,12000,48000,42,0.1163884596054828,0.8236115403945171,215177880,1.4,10061,49939,0.8384166666666667,4163,43204,1956,0.8700184632062364
reach_large_medium-evaluation-16,direction-evaluation-16,reach_large_medium,reach,evaluation,large_medium,48000,12000,42,0.1163884596054828,0.8236115403945171,215177880,1.4,10253,49747,0.8544166666666667,16515,10908,1965,0.8726273777847056
reach_medium_large-evaluation-17,direction-evaluation-17,reach_medium_large,reach,evaluation,medium_large,12000,48000,26,0.1303180284822299,0.80968197151777,1710345363,1.4,1991,58009,0.16591666666666666,4237,36641,391,0.20148418480874045
reach_large_medium-evaluation-17,direction-evaluation-17,reach_large_medium,reach,evaluation,large_medium,48000,12000,26,0.1303180284822299,0.80968197151777,1710345363,1.4,486,59514,0.0405,16658,8729,113,0.062170030328934055
reach_medium_large-evaluation-18,direction-evaluation-18,reach_medium_large,reach,evaluation,medium_large,12000,48000,26,0.12397665656276342,0.8160233434372365,369945344,1.4,3099,56901,0.25825,4219,37296,611,0.3106414578327354
reach_large_medium-evaluation-18,direction-evaluation-18,reach_large_medium,reach,evaluation,large_medium,48000,12000,26,0.12397665656276342,0.8160233434372365,369945344,1.4,2235,57765,0.18625,16666,9152,462,0.24231738500309247
reach_medium_large-evaluation-19,direction-evaluation-19,reach_medium_large,reach,evaluation,medium_large,12000,48000,30,0.12301843854292989,0.81698156145707,144485124,1.4,5018,54982,0.4181666666666667,3980,39205,968,0.49629604469227906
reach_large_medium-evaluation-19,direction-evaluation-19,reach_large_medium,reach,evaluation,large_medium,48000,12000,30,0.12301843854292989,0.81698156145707,144485124,1.4,4174,55826,0.3478333333333333,15691,9694,819,0.43074500596462184
reach_medium_large-evaluation-20,direction-evaluation-20,reach_medium_large,reach,evaluation,medium_large,12000,48000,36,0.12108651542886775,0.8189134845711322,794098117,1.4,4851,55149,0.40425,4120,38606,899,0.4521657431386741
reach_large_medium-evaluation-20,direction-evaluation-20,reach_large_medium,reach,evaluation,large_medium,48000,12000,36,0.12108651542886775,0.8189134845711322,794098117,1.4,1331,58669,0.11091666666666666,16680,8896,260,0.1401756292807481
reach_medium_large-evaluation-21,direction-evaluation-21,reach_medium_large,reach,evaluation,medium_large,12000,48000,27,0.10765024574308305,0.8323497542569169,1779470462,1.4,5686,54314,0.47383333333333333,4011,39639,1120,0.5635502645230095
reach_large_medium-evaluation-21,direction-evaluation-21,reach_large_medium,reach,evaluation,large_medium,48000,12000,27,0.10765024574308305,0.8323497542569169,1779470462,1.4,2922,57078,0.2435,16154,9367,589,0.3114043557935399
reach_medium_large-evaluation-22,direction-evaluation-22,reach_medium_large,reach,evaluation,medium_large,12000,48000,38,0.12438340111125935,0.8156165988887406,1087775121,1.4,6362,53638,0.5301666666666667,4149,40281,1209,0.5787254874348627
reach_large_medium-evaluation-22,direction-evaluation-22,reach_large_medium,reach,evaluation,large_medium,48000,12000,38,0.12438340111125935,0.8156165988887406,1087775121,1.4,4820,55180,0.40166666666666667,16191,9751,924,0.4682083223763275
reach_medium_large-evaluation-23,direction-evaluation-23,reach_medium_large,reach,evaluation,medium_large,12000,48000,23,0.1183522624282019,0.8216477375717981,1251031953,1.4,961,59039,0.08008333333333334,4120,35728,194,0.10543524102278708
reach_large_medium-evaluation-23,direction-evaluation-23,reach_large_medium,reach,evaluation,large_medium,48000,12000,23,0.1183522624282019,0.8216477375717981,1251031953,1.4,134,59866,0.011166666666666667,16193,8614,27,0.015485369329858167
reach_medium_large-evaluation-24,direction-evaluation-24,reach_medium_large,reach,evaluation,medium_large,12000,48000,29,0.10529553074762005,0.83470446925238,1530544450,1.4,6126,53874,0.5105,4197,39673,1144,0.5496446435072526
reach_large_medium-evaluation-24,direction-evaluation-24,reach_large_medium,reach,evaluation,large_medium,48000,12000,29,0.10529553074762005,0.83470446925238,1530544450,1.4,2186,57814,0.18216666666666667,16741,9065,394,0.20770024268705864
reach_medium_large-evaluation-25,direction-evaluation-25,reach_medium_large,reach,evaluation,medium_large,12000,48000,27,0.1166343399418509,0.823365660058149,974749386,1.4,2584,57416,0.21533333333333332,4181,37132,504,0.25971199845986664
reach_large_medium-evaluation-25,direction-evaluation-25,reach_large_medium,reach,evaluation,large_medium,48000,12000,27,0.1166343399418509,0.823365660058149,974749386,1.4,2321,57679,0.19341666666666665,16447,9268,438,0.22987480823756898
reach_medium_large-evaluation-26,direction-evaluation-26,reach_medium_large,reach,evaluation,medium_large,12000,48000,28,0.12001602955678829,0.8199839704432117,116004264,1.4,5563,54437,0.46358333333333335,4168,39130,1058,0.5189650326462362
reach_large_medium-evaluation-26,direction-evaluation-26,reach_large_medium,reach,evaluation,large_medium,48000,12000,28,0.12001602955678829,0.8199839704432117,116004264,1.4,1875,58125,0.15625,16558,8998,363,0.1949138702186668
reach_medium_large-evaluation-27,direction-evaluation-27,reach_medium_large,reach,evaluation,medium_large,12000,48000,35,0.11239564285880782,0.8276043571411921,2016626969,1.4,6197,53803,0.5164166666666666,4192,39786,1197,0.5741595397974585
reach_large_medium-evaluation-27,direction-evaluation-27,reach_large_medium,reach,evaluation,large_medium,48000,12000,35,0.11239564285880782,0.8276043571411921,2016626969,1.4,2877,57123,0.23975,16480,9230,551,0.2897895212950594
reach_medium_large-evaluation-28,direction-evaluation-28,reach_medium_large,reach,evaluation,medium_large,12000,48000,28,0.12737763037387517,0.8126223696261248,1282160797,1.4,4132,55868,0.3443333333333333,4102,38020,763,0.3913873244367524
reach_large_medium-evaluation-28,direction-evaluation-28,reach_large_medium,reach,evaluation,large_medium,48000,12000,28,0.12737763037387517,0.8126223696261248,1282160797,1.4,349,59651,0.029083333333333333,16315,8661,75,0.04246157837542214
reach_medium_large-evaluation-29,direction-evaluation-29,reach_medium_large,reach,evaluation,medium_large,12000,48000,37,0.12515035230169375,0.8148496476983063,881129256,1.4,8522,51478,0.7101666666666666,4182,41916,1628,0.7429858236205508
reach_large_medium-evaluation-29,direction-evaluation-29,reach_large_medium,reach,evaluation,large_medium,48000,12000,37,0.12515035230169375,0.8148496476983063,881129256,1.4,8412,51588,0.701,16416,10603,1601,0.7358430868162472
reach_medium_large-evaluation-30,direction-evaluation-30,reach_medium_large,reach,evaluation,medium_large,12000,48000,23,0.12693892694719114,0.8130610730528088,957556520,1.4,5234,54766,0.43616666666666665,4092,38936,1008,0.50613172560189
reach_large_medium-evaluation-30,direction-evaluation-30,reach_large_medium,reach,evaluation,large_medium,48000,12000,23,0.12693892694719114,0.8130610730528088,957556520,1.4,311,59689,0.025916666666666668,16446,8608,64,0.036166577832509865
reach_medium_large-evaluation-31,direction-evaluation-31,reach_medium_large,reach,evaluation,medium_large,12000,48000,36,0.1138714732651824,0.8261285267348175,1247933376,1.4,8541,51459,0.71175,4158,41920,1635,0.7504158267517046
reach_large_medium-evaluation-31,direction-evaluation-31,reach_large_medium,reach,evaluation,large_medium,48000,12000,36,0.1138714732651824,0.8261285267348175,1247933376,1.4,8648,51352,0.7206666666666667,16519,10580,1670,0.7644287937439515
reach_medium_large-evaluation-32,direction-evaluation-32,reach_medium_large,reach,evaluation,medium_large,12000,48000,27,0.1249487918314916,0.8150512081685083,1229849061,1.4,5335,54665,0.44458333333333333,4127,38792,995,0.49720607662780153
reach_large_medium-evaluation-32,direction-evaluation-32,reach_large_medium,reach,evaluation,large_medium,48000,12000,27,0.1249487918314916,0.8150512081685083,1229849061,1.4,2995,57005,0.24958333333333332,16661,9228,572,0.29763045313169806
