name,share,feed_a,feed_b,video_a,video_b,daytime_share,click_a,click_b,cost_a,cost_b
dual_daily,0.24,0.95,0.86,0.64,0.61,0.55,0.025,0.025,0.72,0.78
a_regular_dual_occasional,0.17,0.96,0.48,0.76,0.3,0.62,0.022,0.009,0.83,1.02
b_heavy_regular,0.23,0.14,0.98,0.1,0.86,0.42,0.006,0.021,1.18,0.76
dual_video_regular,0.1,0.38,0.36,0.96,0.93,0.38,0.04,0.041,0.8,0.8
a_response_regular,0.09,0.79,0.34,0.7,0.28,0.58,0.36,0.012,1.04,1.1
b_response_regular,0.09,0.31,0.82,0.24,0.75,0.44,0.012,0.36,1.1,1.04
daytime_dual,0.04,0.61,0.58,0.33,0.34,0.9,0.035,0.035,0.91,0.91
evening_video_dual,0.02,0.26,0.25,0.78,0.76,0.12,0.06,0.06,0.86,0.86
occasional_dual,0.02,0.22,0.21,0.18,0.17,0.52,0.018,0.018,0.96,0.96
