campaign,scenario,edp,global_email_reservation_capacity,proprietary_identifiers,global_reservation_feasible,future_aware_reservation_capacity,future_aware_reservation_feasible,mean_cross_mode_share_of_true_pair_overlap
provider_eval_broad_awareness_control,broad_awareness_control,0,2076,1991,True,7474,True,0.435801778087824
provider_eval_broad_awareness_control,broad_awareness_control,1,2076,2746,False,7760,True,0.435801778087824
provider_eval_broad_awareness_control,broad_awareness_control,2,2076,3122,False,8574,True,0.435801778087824
provider_eval_broad_awareness_control,broad_awareness_control,3,2076,3019,False,9581,True,0.435801778087824
provider_eval_broad_awareness_control,broad_awareness_control,4,2076,3873,False,9735,True,0.435801778087824
provider_eval_broad_awareness_control,broad_awareness_control,5,2076,3807,False,10364,True,0.435801778087824
provider_eval_broad_awareness_control,broad_awareness_control,6,2076,6295,False,10073,True,0.435801778087824
provider_eval_broad_awareness_control,broad_awareness_control,7,2076,5892,False,10812,True,0.435801778087824
provider_eval_broad_awareness_control,broad_awareness_control,8,2076,6495,False,11201,True,0.435801778087824
provider_eval_broad_awareness_control,broad_awareness_control,9,2076,6558,False,11630,True,0.435801778087824
provider_eval_traffic_optimization,traffic_optimization,0,5781,1142,True,9542,True,0.4353595877565499
provider_eval_traffic_optimization,traffic_optimization,1,5781,1295,True,9988,True,0.4353595877565499
provider_eval_traffic_optimization,traffic_optimization,2,5781,1446,True,10433,True,0.4353595877565499
provider_eval_traffic_optimization,traffic_optimization,3,5781,1494,True,10774,True,0.4353595877565499
provider_eval_traffic_optimization,traffic_optimization,4,5781,1528,True,11101,True,0.4353595877565499
provider_eval_traffic_optimization,traffic_optimization,5,5781,1559,True,11426,True,0.4353595877565499
provider_eval_traffic_optimization,traffic_optimization,6,5781,1407,True,11567,True,0.4353595877565499
provider_eval_traffic_optimization,traffic_optimization,7,5781,1274,True,11727,True,0.4353595877565499
provider_eval_traffic_optimization,traffic_optimization,8,5781,1113,True,11860,True,0.4353595877565499
provider_eval_traffic_optimization,traffic_optimization,9,5781,908,True,11948,True,0.4353595877565499
provider_eval_video_engagement_retargeting,video_engagement_retargeting,0,9166,613,True,10693,True,0.41185183121591473
provider_eval_video_engagement_retargeting,video_engagement_retargeting,1,9166,754,True,11001,True,0.41185183121591473
provider_eval_video_engagement_retargeting,video_engagement_retargeting,2,9166,813,True,11226,True,0.41185183121591473
provider_eval_video_engagement_retargeting,video_engagement_retargeting,3,9166,824,True,11404,True,0.41185183121591473
provider_eval_video_engagement_retargeting,video_engagement_retargeting,4,9166,842,True,11589,True,0.41185183121591473
provider_eval_video_engagement_retargeting,video_engagement_retargeting,5,9166,813,True,11726,True,0.41185183121591473
provider_eval_video_engagement_retargeting,video_engagement_retargeting,6,9166,724,True,11804,True,0.41185183121591473
provider_eval_video_engagement_retargeting,video_engagement_retargeting,7,9166,634,True,11881,True,0.41185183121591473
provider_eval_video_engagement_retargeting,video_engagement_retargeting,8,9166,532,True,11945,True,0.41185183121591473
provider_eval_video_engagement_retargeting,video_engagement_retargeting,9,9166,406,True,11986,True,0.41185183121591473
provider_eval_lead_generation,lead_generation,0,9641,336,True,11016,True,0.4765768358069503
provider_eval_lead_generation,lead_generation,1,9641,376,True,11169,True,0.4765768358069503
provider_eval_lead_generation,lead_generation,2,9641,424,True,11331,True,0.4765768358069503
provider_eval_lead_generation,lead_generation,3,9641,449,True,11469,True,0.4765768358069503
provider_eval_lead_generation,lead_generation,4,9641,449,True,11582,True,0.4765768358069503
provider_eval_lead_generation,lead_generation,5,9641,457,True,11704,True,0.4765768358069503
provider_eval_lead_generation,lead_generation,6,9641,446,True,11806,True,0.4765768358069503
provider_eval_lead_generation,lead_generation,7,9641,403,True,11876,True,0.4765768358069503
provider_eval_lead_generation,lead_generation,8,9641,346,True,11933,True,0.4765768358069503
provider_eval_lead_generation,lead_generation,9,9641,276,True,11976,True,0.4765768358069503
provider_eval_sales_prospecting,sales_prospecting,0,8499,539,True,10379,True,0.4701729555672082
provider_eval_sales_prospecting,sales_prospecting,1,8499,634,True,10667,True,0.4701729555672082
provider_eval_sales_prospecting,sales_prospecting,2,8499,706,True,10933,True,0.4701729555672082
provider_eval_sales_prospecting,sales_prospecting,3,8499,786,True,11206,True,0.4701729555672082
provider_eval_sales_prospecting,sales_prospecting,4,8499,780,True,11393,True,0.4701729555672082
provider_eval_sales_prospecting,sales_prospecting,5,8499,791,True,11598,True,0.4701729555672082
provider_eval_sales_prospecting,sales_prospecting,6,8499,685,True,11685,True,0.4701729555672082
provider_eval_sales_prospecting,sales_prospecting,7,8499,633,True,11826,True,0.4701729555672082
provider_eval_sales_prospecting,sales_prospecting,8,8499,530,True,11917,True,0.4701729555672082
provider_eval_sales_prospecting,sales_prospecting,9,8499,381,True,11961,True,0.4701729555672082
provider_eval_website_retargeting,website_retargeting,0,10794,233,True,11273,True,0.46422357737201225
provider_eval_website_retargeting,website_retargeting,1,10794,306,True,11429,True,0.46422357737201225
provider_eval_website_retargeting,website_retargeting,2,10794,329,True,11534,True,0.46422357737201225
provider_eval_website_retargeting,website_retargeting,3,10794,368,True,11656,True,0.46422357737201225
provider_eval_website_retargeting,website_retargeting,4,10794,353,True,11724,True,0.46422357737201225
provider_eval_website_retargeting,website_retargeting,5,10794,359,True,11812,True,0.46422357737201225
provider_eval_website_retargeting,website_retargeting,6,10794,332,True,11868,True,0.46422357737201225
provider_eval_website_retargeting,website_retargeting,7,10794,295,True,11914,True,0.46422357737201225
provider_eval_website_retargeting,website_retargeting,8,10794,260,True,11961,True,0.46422357737201225
provider_eval_website_retargeting,website_retargeting,9,10794,198,True,11982,True,0.46422357737201225
provider_eval_crm_customer_list,crm_customer_list,0,11113,74,True,11294,True,0.48543933949605295
provider_eval_crm_customer_list,crm_customer_list,1,11113,118,True,11409,True,0.48543933949605295
provider_eval_crm_customer_list,crm_customer_list,2,11113,146,True,11507,True,0.48543933949605295
provider_eval_crm_customer_list,crm_customer_list,3,11113,175,True,11607,True,0.48543933949605295
provider_eval_crm_customer_list,crm_customer_list,4,11113,172,True,11675,True,0.48543933949605295
provider_eval_crm_customer_list,crm_customer_list,5,11113,167,True,11740,True,0.48543933949605295
provider_eval_crm_customer_list,crm_customer_list,6,11113,164,True,11808,True,0.48543933949605295
provider_eval_crm_customer_list,crm_customer_list,7,11113,160,True,11875,True,0.48543933949605295
provider_eval_crm_customer_list,crm_customer_list,8,11113,158,True,11943,True,0.48543933949605295
provider_eval_crm_customer_list,crm_customer_list,9,11113,111,True,11967,True,0.48543933949605295
provider_eval_catalog_retargeting,catalog_retargeting,0,10054,257,True,11177,True,0.4578322356199356
provider_eval_catalog_retargeting,catalog_retargeting,1,10054,344,True,11364,True,0.4578322356199356
provider_eval_catalog_retargeting,catalog_retargeting,2,10054,367,True,11487,True,0.4578322356199356
provider_eval_catalog_retargeting,catalog_retargeting,3,10054,399,True,11619,True,0.4578322356199356
provider_eval_catalog_retargeting,catalog_retargeting,4,10054,394,True,11714,True,0.4578322356199356
provider_eval_catalog_retargeting,catalog_retargeting,5,10054,377,True,11797,True,0.4578322356199356
provider_eval_catalog_retargeting,catalog_retargeting,6,10054,357,True,11877,True,0.4578322356199356
provider_eval_catalog_retargeting,catalog_retargeting,7,10054,298,True,11918,True,0.4578322356199356
provider_eval_catalog_retargeting,catalog_retargeting,8,10054,242,True,11962,True,0.4578322356199356
provider_eval_catalog_retargeting,catalog_retargeting,9,10054,167,True,11987,True,0.4578322356199356
provider_eval_lookalike_prospecting,lookalike_prospecting,0,6681,976,True,9616,True,0.44946215461115
provider_eval_lookalike_prospecting,lookalike_prospecting,1,6681,1167,True,10087,True,0.44946215461115
provider_eval_lookalike_prospecting,lookalike_prospecting,2,6681,1300,True,10500,True,0.44946215461115
provider_eval_lookalike_prospecting,lookalike_prospecting,3,6681,1348,True,10828,True,0.44946215461115
provider_eval_lookalike_prospecting,lookalike_prospecting,4,6681,1352,True,11112,True,0.44946215461115
provider_eval_lookalike_prospecting,lookalike_prospecting,5,6681,1382,True,11422,True,0.44946215461115
provider_eval_lookalike_prospecting,lookalike_prospecting,6,6681,1258,True,11578,True,0.44946215461115
provider_eval_lookalike_prospecting,lookalike_prospecting,7,6681,1114,True,11714,True,0.44946215461115
provider_eval_lookalike_prospecting,lookalike_prospecting,8,6681,996,True,11876,True,0.44946215461115
provider_eval_lookalike_prospecting,lookalike_prospecting,9,6681,790,True,11950,True,0.44946215461115
provider_eval_advantage_audience_expansion,advantage_audience_expansion,0,5705,1195,True,8995,True,0.4554150719093041
provider_eval_advantage_audience_expansion,advantage_audience_expansion,1,5705,1421,True,9568,True,0.4554150719093041
provider_eval_advantage_audience_expansion,advantage_audience_expansion,2,5705,1636,True,10129,True,0.4554150719093041
provider_eval_advantage_audience_expansion,advantage_audience_expansion,3,5705,1723,True,10563,True,0.4554150719093041
provider_eval_advantage_audience_expansion,advantage_audience_expansion,4,5705,1692,True,10879,True,0.4554150719093041
provider_eval_advantage_audience_expansion,advantage_audience_expansion,5,5705,1683,True,11216,True,0.4554150719093041
provider_eval_advantage_audience_expansion,advantage_audience_expansion,6,5705,1592,True,11472,True,0.4554150719093041
provider_eval_advantage_audience_expansion,advantage_audience_expansion,7,5705,1432,True,11659,True,0.4554150719093041
provider_eval_advantage_audience_expansion,advantage_audience_expansion,8,5705,1273,True,11846,True,0.4554150719093041
provider_eval_advantage_audience_expansion,advantage_audience_expansion,9,5705,1014,True,11934,True,0.4554150719093041
provider_eval_app_activity_retargeting,app_activity_retargeting,0,10592,484,True,11284,True,0.3821975716382535
provider_eval_app_activity_retargeting,app_activity_retargeting,1,10592,497,True,11406,True,0.3821975716382535
provider_eval_app_activity_retargeting,app_activity_retargeting,2,10592,557,True,11576,True,0.3821975716382535
provider_eval_app_activity_retargeting,app_activity_retargeting,3,10592,565,True,11693,True,0.3821975716382535
provider_eval_app_activity_retargeting,app_activity_retargeting,4,10592,529,True,11766,True,0.3821975716382535
provider_eval_app_activity_retargeting,app_activity_retargeting,5,10592,511,True,11858,True,0.3821975716382535
provider_eval_app_activity_retargeting,app_activity_retargeting,6,10592,451,True,11907,True,0.3821975716382535
provider_eval_app_activity_retargeting,app_activity_retargeting,7,10592,384,True,11949,True,0.3821975716382535
provider_eval_app_activity_retargeting,app_activity_retargeting,8,10592,296,True,11971,True,0.3821975716382535
provider_eval_app_activity_retargeting,app_activity_retargeting,9,10592,208,True,11992,True,0.3821975716382535
provider_eval_unrelated_niche_control,unrelated_niche_control,0,9708,320,True,11240,True,0.4427216958543194
provider_eval_unrelated_niche_control,unrelated_niche_control,1,9708,421,True,11434,True,0.4427216958543194
provider_eval_unrelated_niche_control,unrelated_niche_control,2,9708,437,True,11544,True,0.4427216958543194
provider_eval_unrelated_niche_control,unrelated_niche_control,3,9708,448,True,11648,True,0.4427216958543194
provider_eval_unrelated_niche_control,unrelated_niche_control,4,9708,455,True,11748,True,0.4427216958543194
provider_eval_unrelated_niche_control,unrelated_niche_control,5,9708,431,True,11818,True,0.4427216958543194
provider_eval_unrelated_niche_control,unrelated_niche_control,6,9708,397,True,11877,True,0.4427216958543194
provider_eval_unrelated_niche_control,unrelated_niche_control,7,9708,365,True,11938,True,0.4427216958543194
provider_eval_unrelated_niche_control,unrelated_niche_control,8,9708,303,True,11970,True,0.4427216958543194
provider_eval_unrelated_niche_control,unrelated_niche_control,9,9708,233,True,11993,True,0.4427216958543194
provider_eval_mixed_funnel_portfolio,mixed_funnel_portfolio,0,5680,1637,True,8597,True,0.4530443920689124
provider_eval_mixed_funnel_portfolio,mixed_funnel_portfolio,1,5680,960,True,10560,True,0.4530443920689124
provider_eval_mixed_funnel_portfolio,mixed_funnel_portfolio,2,5680,354,True,11454,True,0.4530443920689124
provider_eval_mixed_funnel_portfolio,mixed_funnel_portfolio,3,5680,186,True,11766,True,0.4530443920689124
provider_eval_mixed_funnel_portfolio,mixed_funnel_portfolio,4,5680,3241,True,10201,True,0.4530443920689124
provider_eval_mixed_funnel_portfolio,mixed_funnel_portfolio,5,5680,1708,True,11308,True,0.4530443920689124
provider_eval_mixed_funnel_portfolio,mixed_funnel_portfolio,6,5680,642,True,11742,True,0.4530443920689124
provider_eval_mixed_funnel_portfolio,mixed_funnel_portfolio,7,5680,318,True,11898,True,0.4530443920689124
provider_eval_mixed_funnel_portfolio,mixed_funnel_portfolio,8,5680,4494,True,11454,True,0.4530443920689124
provider_eval_mixed_funnel_portfolio,mixed_funnel_portfolio,9,5680,2272,True,11872,True,0.4530443920689124
provider_eval_linkage_shift_-1.0,linkage_shift_-1.0,0,9854,1083,True,10923,True,0.243847968470004
provider_eval_linkage_shift_-1.0,linkage_shift_-1.0,1,9854,1165,True,11212,True,0.243847968470004
provider_eval_linkage_shift_-1.0,linkage_shift_-1.0,2,9854,1227,True,11480,True,0.243847968470004
provider_eval_linkage_shift_-1.0,linkage_shift_-1.0,3,9854,1177,True,11637,True,0.243847968470004
provider_eval_linkage_shift_-1.0,linkage_shift_-1.0,4,9854,1116,True,11783,True,0.243847968470004
provider_eval_linkage_shift_-1.0,linkage_shift_-1.0,5,9854,1014,True,11887,True,0.243847968470004
provider_eval_linkage_shift_-1.0,linkage_shift_-1.0,6,9854,851,True,11931,True,0.243847968470004
provider_eval_linkage_shift_-1.0,linkage_shift_-1.0,7,9854,682,True,11969,True,0.243847968470004
provider_eval_linkage_shift_-1.0,linkage_shift_-1.0,8,9854,492,True,11985,True,0.243847968470004
provider_eval_linkage_shift_-1.0,linkage_shift_-1.0,9,9854,296,True,11996,True,0.243847968470004
provider_eval_linkage_shift_0.0,linkage_shift_0.0,0,7978,680,True,10520,True,0.4264566678860811
provider_eval_linkage_shift_0.0,linkage_shift_0.0,1,7978,799,True,10846,True,0.4264566678860811
provider_eval_linkage_shift_0.0,linkage_shift_0.0,2,7978,855,True,11108,True,0.4264566678860811
provider_eval_linkage_shift_0.0,linkage_shift_0.0,3,7978,908,True,11368,True,0.4264566678860811
provider_eval_linkage_shift_0.0,linkage_shift_0.0,4,7978,843,True,11510,True,0.4264566678860811
provider_eval_linkage_shift_0.0,linkage_shift_0.0,5,7978,813,True,11686,True,0.4264566678860811
provider_eval_linkage_shift_0.0,linkage_shift_0.0,6,7978,716,True,11796,True,0.4264566678860811
provider_eval_linkage_shift_0.0,linkage_shift_0.0,7,7978,611,True,11898,True,0.4264566678860811
provider_eval_linkage_shift_0.0,linkage_shift_0.0,8,7978,458,True,11951,True,0.4264566678860811
provider_eval_linkage_shift_0.0,linkage_shift_0.0,9,7978,280,True,11980,True,0.4264566678860811
provider_eval_linkage_shift_1.0,linkage_shift_1.0,0,9133,296,True,10136,True,0.500815491038715
provider_eval_linkage_shift_1.0,linkage_shift_1.0,1,9133,426,True,10473,True,0.500815491038715
provider_eval_linkage_shift_1.0,linkage_shift_1.0,2,9133,498,True,10751,True,0.500815491038715
provider_eval_linkage_shift_1.0,linkage_shift_1.0,3,9133,542,True,11002,True,0.500815491038715
provider_eval_linkage_shift_1.0,linkage_shift_1.0,4,9133,536,True,11203,True,0.500815491038715
provider_eval_linkage_shift_1.0,linkage_shift_1.0,5,9133,544,True,11417,True,0.500815491038715
provider_eval_linkage_shift_1.0,linkage_shift_1.0,6,9133,482,True,11562,True,0.500815491038715
provider_eval_linkage_shift_1.0,linkage_shift_1.0,7,9133,467,True,11754,True,0.500815491038715
provider_eval_linkage_shift_1.0,linkage_shift_1.0,8,9133,375,True,11868,True,0.500815491038715
provider_eval_linkage_shift_1.0,linkage_shift_1.0,9,9133,247,True,11947,True,0.500815491038715
provider_eval_staggered_retargeting,staggered_retargeting,0,10209,260,True,11159,True,0.4598546494734557
provider_eval_staggered_retargeting,staggered_retargeting,1,10209,367,True,11266,True,0.4598546494734557
provider_eval_staggered_retargeting,staggered_retargeting,2,10209,476,True,11375,True,0.4598546494734557
provider_eval_staggered_retargeting,staggered_retargeting,3,10209,553,True,11452,True,0.4598546494734557
provider_eval_staggered_retargeting,staggered_retargeting,4,10209,634,True,11533,True,0.4598546494734557
provider_eval_staggered_retargeting,staggered_retargeting,5,10209,745,True,11644,True,0.4598546494734557
provider_eval_staggered_retargeting,staggered_retargeting,6,10209,781,True,11680,True,0.4598546494734557
provider_eval_staggered_retargeting,staggered_retargeting,7,10209,882,True,11781,True,0.4598546494734557
provider_eval_staggered_retargeting,staggered_retargeting,8,10209,958,True,11857,True,0.4598546494734557
provider_eval_staggered_retargeting,staggered_retargeting,9,10209,1031,True,11930,True,0.4598546494734557
provider_eval_synchronized_retargeting,synchronized_retargeting,0,10269,272,True,11171,True,0.4615043281933635
provider_eval_synchronized_retargeting,synchronized_retargeting,1,10269,375,True,11274,True,0.4615043281933635
provider_eval_synchronized_retargeting,synchronized_retargeting,2,10269,481,True,11380,True,0.4615043281933635
provider_eval_synchronized_retargeting,synchronized_retargeting,3,10269,559,True,11458,True,0.4615043281933635
provider_eval_synchronized_retargeting,synchronized_retargeting,4,10269,640,True,11539,True,0.4615043281933635
provider_eval_synchronized_retargeting,synchronized_retargeting,5,10269,737,True,11636,True,0.4615043281933635
provider_eval_synchronized_retargeting,synchronized_retargeting,6,10269,801,True,11700,True,0.4615043281933635
provider_eval_synchronized_retargeting,synchronized_retargeting,7,10269,883,True,11782,True,0.4615043281933635
provider_eval_synchronized_retargeting,synchronized_retargeting,8,10269,961,True,11860,True,0.4615043281933635
provider_eval_synchronized_retargeting,synchronized_retargeting,9,10269,1033,True,11932,True,0.4615043281933635
provider_eval_shared_seed_then_expansion,shared_seed_then_expansion,0,7572,594,True,10509,True,0.45487770703000086
provider_eval_shared_seed_then_expansion,shared_seed_then_expansion,1,7572,759,True,10674,True,0.45487770703000086
provider_eval_shared_seed_then_expansion,shared_seed_then_expansion,2,7572,968,True,10883,True,0.45487770703000086
provider_eval_shared_seed_then_expansion,shared_seed_then_expansion,3,7572,1144,True,11059,True,0.45487770703000086
provider_eval_shared_seed_then_expansion,shared_seed_then_expansion,4,7572,1291,True,11206,True,0.45487770703000086
provider_eval_shared_seed_then_expansion,shared_seed_then_expansion,5,7572,1438,True,11353,True,0.45487770703000086
provider_eval_shared_seed_then_expansion,shared_seed_then_expansion,6,7572,1562,True,11477,True,0.45487770703000086
provider_eval_shared_seed_then_expansion,shared_seed_then_expansion,7,7572,1722,True,11637,True,0.45487770703000086
provider_eval_shared_seed_then_expansion,shared_seed_then_expansion,8,7572,1864,True,11779,True,0.45487770703000086
provider_eval_shared_seed_then_expansion,shared_seed_then_expansion,9,7572,1968,True,11883,True,0.45487770703000086
