model,sweep,regime,sample,seed,opportunity_shift_sigma,price_shift_sigma,direction_cost_contrast,traffic_response_exponent,selection_concentration,objective_gap_points,direction_gap_points,large_reach_width_points,activity_contrast,response_contrast,profile_strength
stress,joint,wide,1,20262000,0.21601550172496842,0.697845359097383,0.16402144883232328,0.778913654382237,3.734520381818373,42.37222222222222,3.088888888888889,71.31777777777779,,,
intuitive,joint,wide,1,20262000,,,,0.9928097631447742,6.562607000627022,-13.02222222222222,3.3888888888888884,8.702222222222225,0.843431520932201,0.6891796143270856,0.7373826023583062
stress,joint,wide,2,20262001,0.8803278189504511,0.6389317136335338,1.114715265817551,1.6356647369259953,2.4683096632628216,26.566666666666666,9.822222222222221,48.15222222222222,,,
intuitive,joint,wide,2,20262001,,,,0.4907633739869497,13.268756002298138,10.96111111111111,13.592592592592595,3.80555555555555,0.8624494344581896,0.6947865126650581,0.30403659938666605
stress,joint,wide,3,20262002,0.14021972392182303,0.15810965281596903,1.3944570863696646,0.875816881676502,3.5264918055773777,56.07777777777778,54.266666666666666,23.6788888888889,,,
intuitive,joint,wide,3,20262002,,,,0.685380698993869,11.42787080965507,-25.627777777777776,13.333333333333334,28.63666666666666,0.9719483848713537,0.15474755551680472,1.196035754694866
stress,joint,wide,4,20262003,0.10769305691909326,0.29930136403192564,0.4051008627125061,1.9103872629077252,3.0866772155895275,50.577777777777776,8.177777777777779,39.82444444444445,,,
intuitive,joint,wide,4,20262003,,,,0.39445384842134523,13.892334439613457,44.727777777777774,0.24074074074074137,6.1388888888888715,0.10710440498853724,1.182980737256856,0.41127234259116363
stress,joint,wide,5,20262004,0.9324498107466598,0.541857776105759,0.049729003604107196,1.593852680768632,2.2899092337831495,17.316666666666666,0.6000000000000005,31.16555555555556,,,
intuitive,joint,wide,5,20262004,,,,0.6371493020052547,9.721026624540254,-32.25555555555556,6.7592592592592595,2.877777777777773,0.8051606195186531,0.3013874747842489,0.3161876717779054
stress,joint,wide,6,20262005,0.7247276775378124,0.22738546261340353,1.0826782828337655,2.4973145869390563,3.5371393448870223,51.994444444444454,30.422222222222224,56.42666666666668,,,
intuitive,joint,wide,6,20262005,,,,0.3629699448578591,6.928674950940657,-7.31111111111111,3.7777777777777786,0.9811111111111117,1.0125952845857304,0.04055720402668078,0.06585134417335561
stress,joint,wide,7,20262006,0.19567959585336048,0.5941786080018806,1.1734719532026503,1.3738844584282404,3.4628470719451276,27.22222222222222,48.044444444444444,70.56444444444445,,,
intuitive,joint,wide,7,20262006,,,,0.5115301169018439,6.81202620428564,2.955555555555557,2.3518518518518547,22.407777777777778,0.7347679653139323,0.3868084462411578,1.1974320401870675
stress,joint,wide,8,20262007,0.030755116350458356,0.31020183853823047,0.6968285108243691,0.6901866625432314,3.927553210164341,55.20555555555555,22.244444444444444,23.986666666666665,,,
intuitive,joint,wide,8,20262007,,,,0.5303824806319201,8.486755801197557,-26.30555555555555,0.92592592592593,2.5277777777777715,0.3789412473632525,0.14850109153394256,0.25660719209410143
stress,joint,wide,9,20262008,0.684270689951586,0.17604671160215693,0.6436304390428786,1.7549116047238476,2.121112970642765,35.57222222222222,3.4444444444444415,16.28666666666666,,,
intuitive,joint,wide,9,20262008,,,,0.4966676508677106,11.428842589367017,32.92222222222223,0.42592592592592404,32.76777777777779,0.15575033683825262,0.6909759613749943,1.182693166855535
stress,joint,wide,10,20262009,0.6658430254456851,0.5743780562771129,1.5021790731794846,1.396329019757524,2.9309413202774848,23.583333333333332,40.75555555555555,39.102222222222224,,,
intuitive,joint,wide,10,20262009,,,,0.548924173033975,11.605697564930654,40.355555555555554,-0.05555555555555314,34.42333333333333,0.17248704620839633,1.035259986897929,1.2099920103682686
stress,joint,wide,11,20262010,0.8137174619476225,0.6478794908280665,0.47963796363445915,0.9843080101546255,1.4381746627495378,16.416666666666668,1.5333333333333337,18.35444444444444,,,
intuitive,joint,wide,11,20262010,,,,0.5677366362537176,7.193749758082106,32.666666666666664,0.2592592592592591,28.83999999999999,0.042186801609122304,1.0626185858307249,1.2284688904263095
stress,joint,wide,12,20262011,0.1520056160544756,0.2251705213884717,1.076474824469017,0.9095527255601672,2.1660924655100877,37.71666666666667,15.48888888888889,23.936666666666675,,,
intuitive,joint,wide,12,20262011,,,,0.5583044320225954,5.21324488628032,-16.372222222222224,1.055555555555554,5.8088888888888945,0.6269034105875471,0.26272898526055455,0.7086855206333752
stress,joint,wide,13,20262012,0.5388037952468574,0.2593933618085231,0.7273121114783921,0.8724945253015193,2.468866116434287,42.00555555555555,10.111111111111112,31.42888888888888,,,
intuitive,joint,wide,13,20262012,,,,0.9973821147647878,10.40733526945381,-60.038888888888884,12.24074074074074,4.02333333333333,1.190763598338416,0.3127714480659788,0.34698389966612453
stress,joint,wide,14,20262013,0.8293698507650471,0.4827429502015295,0.8753823637352758,1.3181668026896516,3.5599580252507446,32.916666666666664,25.75555555555556,62.50222222222222,,,
intuitive,joint,wide,14,20262013,,,,0.7629018690468626,5.035324558889975,18.383333333333336,0.27777777777777957,20.442222222222227,0.3528934102705088,0.8772962836435252,1.2254639096325777
stress,joint,wide,15,20262014,0.449012074649748,0.5795616156567083,0.47503625122121457,1.3553563513483915,2.855017123584257,24.711111111111112,5.377777777777778,56.76777777777778,,,
intuitive,joint,wide,15,20262014,,,,0.8036812122181044,13.535999650146461,15.755555555555553,11.388888888888893,6.828888888888891,0.7733951274506192,0.8760995564063524,0.4085464083544531
stress,joint,wide,16,20262015,0.38149343689309534,0.6081813001877217,0.9195418998450258,0.9185985193464878,3.1997494576434606,31.427777777777777,8.688888888888888,70.79111111111112,,,
intuitive,joint,wide,16,20262015,,,,0.3113776166081629,10.249222312213801,16.427777777777777,6.092592592592591,27.97222222222223,0.7574044719958013,0.577225771286548,1.1494208195190154
stress,joint,wide,17,20262016,0.8420850663239419,0.3097593398743193,1.4836554380850542,2.3444248844678306,3.235360302762803,33.43333333333334,40.64444444444444,47.77555555555556,,,
intuitive,joint,wide,17,20262016,,,,0.45377631387064643,7.965227634467739,22.03888888888889,0.037037037037035425,6.153333333333329,0.30964499318601024,0.757958156030068,0.4596208122862083
stress,joint,wide,18,20262017,0.8202262855756299,0.6059898113176652,1.0262099648806509,0.765034901777899,1.371597768438738,15.405555555555555,3.5333333333333328,18.16444444444444,,,
intuitive,joint,wide,18,20262017,,,,0.30114389901055805,8.115410803635687,17.0,5.074074074074075,14.815555555555555,0.8290690639279298,0.9333877783385176,0.8567985447902969
stress,joint,wide,19,20262018,0.2851869540333547,0.41832290020238155,1.0334185658316917,0.6048310876803333,3.4299799872881045,29.527777777777782,35.133333333333326,41.95111111111112,,,
intuitive,joint,wide,19,20262018,,,,0.8467484093209516,9.493986774207,-23.444444444444443,10.88888888888889,3.767777777777777,1.148385781243412,0.5792295604389769,0.35664312801110626
stress,joint,wide,20,20262019,0.5875485306688439,0.8320473861056308,0.352233368155693,2.163465720440225,0.7546004569602793,10.933333333333334,0.04444444444444556,7.115555555555558,,,
intuitive,joint,wide,20,20262019,,,,0.9398685515838737,8.411732340690568,9.594444444444445,5.277777777777773,18.883333333333333,0.7967211601776589,0.8525741597262528,0.9770660342466696
stress,joint,wide,21,20262020,0.6340100127597402,0.4564417913528365,0.11919869523008408,0.7912874048036564,1.8217864015428995,28.366666666666667,0.37777777777777827,20.264444444444447,,,
intuitive,joint,wide,21,20262020,,,,0.8360636577193659,4.523895896141472,-51.26666666666666,0.944444444444445,2.701111111111107,0.9876250456210377,0.05710982280777557,0.557000081712842
stress,joint,wide,22,20262021,0.6376761404984944,0.8414558868894674,0.5916589272516387,1.3736304065396405,2.327885792040649,22.594444444444445,8.08888888888889,32.42444444444444,,,
intuitive,joint,wide,22,20262021,,,,0.37097893956973665,8.462988517825371,-6.155555555555556,6.814814814814812,2.684444444444445,0.9652142446530758,0.05814276057662937,0.29266966861166227
stress,joint,wide,23,20262022,0.9630616918965492,0.7566097386877714,1.3553081245202003,0.6930224074238571,2.1469860795546176,17.18888888888889,6.4,39.44555555555556,,,
intuitive,joint,wide,23,20262022,,,,0.38925544285900543,9.686958707270948,32.388888888888886,1.2037037037037068,29.324444444444445,0.4021449503555649,1.2371888377948541,1.1400238933058195
stress,joint,wide,24,20262023,0.725845947354631,0.8851917783516767,1.3448013029046235,0.7257918506561845,3.80355574945779,27.71666666666667,31.666666666666664,59.422222222222224,,,
intuitive,joint,wide,24,20262023,,,,0.5592113644158601,5.795276627137277,-25.322222222222223,0.16666666666666496,3.5955555555555563,0.1560972416037891,0.2853695435364523,0.3766578607971043
stress,joint,wide,25,20262024,0.5030486406436822,0.2964268387374905,0.5429538073357535,1.2312675072544927,3.8126184288548206,65.11666666666667,14.82222222222222,40.41555555555555,,,
intuitive,joint,wide,25,20262024,,,,0.715204028479067,6.6054551420868926,-17.155555555555555,0.2962962962962973,11.396666666666668,0.14983980664308574,0.48388683407058053,0.7221608286926012
stress,joint,wide,26,20262025,0.11857986223982242,0.3308643856277596,0.19981357279987633,1.4013247711613055,1.5818576581819417,29.46666666666666,2.0444444444444434,13.821111111111115,,,
intuitive,joint,wide,26,20262025,,,,0.7558177588875262,13.190027212369445,-17.26111111111111,0.129629629629624,17.354444444444454,0.16950708413374857,0.3559645707445913,0.7339133575165303
stress,joint,wide,27,20262026,0.6282597701000903,0.3005643616882573,0.28940642481819623,1.056936208946966,3.1066993924790793,42.97222222222222,1.8000000000000016,50.151111111111106,,,
intuitive,joint,wide,27,20262026,,,,0.805815151011599,6.3866136376300515,23.516666666666666,0.3333333333333327,7.781111111111109,0.10162293277860987,1.1073164226936754,0.5459528869112136
stress,joint,wide,28,20262027,0.9546973559592042,0.4952392688295783,1.1176111368464734,0.5159943942372465,3.9313218838372523,32.13333333333333,31.511111111111113,60.59555555555556,,,
intuitive,joint,wide,28,20262027,,,,0.4470401922506899,9.720569450134281,6.138888888888888,10.592592592592593,5.171111111111109,1.1414006245963948,0.7167138401313424,0.47290315096075275
stress,joint,wide,29,20262028,0.7110662136913911,0.5240778794284491,0.998200833536693,1.0467174880385537,1.76259492466585,25.927777777777784,2.777777777777779,21.34111111111112,,,
intuitive,joint,wide,29,20262028,,,,0.7441309934263507,6.153880674284336,-35.111111111111114,-0.11111111111111183,2.6188888888888897,0.19101393926552912,0.38348311598750195,0.2749335165490001
stress,joint,wide,30,20262029,0.813513207741818,0.15391292737079287,0.25764347262083426,0.7180305854265407,1.2276881974635983,17.599999999999998,0.311111111111112,14.767777777777777,,,
intuitive,joint,wide,30,20262029,,,,0.6368713766817833,12.160383127358598,6.122222222222224,4.722222222222222,16.137777777777785,0.5748565649045916,0.5974754232994235,0.7299246311257218
stress,joint,wide,31,20262030,0.7255680673678487,0.11435598075099758,0.45702333356790703,0.8012986668624864,2.0123590155735513,35.583333333333336,1.4444444444444482,30.30888888888888,,,
intuitive,joint,wide,31,20262030,,,,0.38357932225775543,12.115440324245963,14.683333333333337,0.48148148148148273,3.9155555555555566,0.07299151197528511,0.4522889287731956,0.3208390218687175
stress,joint,wide,32,20262031,0.9025641942616572,0.2671790746064416,0.011550202724607673,2.3964848448284863,2.0956678434251366,17.86111111111111,0.40000000000000036,29.848888888888897,,,
intuitive,joint,wide,32,20262031,,,,0.37208238305840113,6.00081148058434,0.3722222222222224,3.3518518518518516,11.703333333333333,1.1167713264899217,0.20418131082351396,1.0207199314880668
stress,joint,wide,33,20262032,0.842185036425336,0.776477488799094,1.2825232931102484,1.1899457753116316,2.1382248397303645,22.772222222222222,8.355555555555554,44.080000000000005,,,
intuitive,joint,wide,33,20262032,,,,0.739437268017412,6.983302845983175,-42.6,0.6851851851851859,7.651111111111106,0.44175605576685717,0.04968072813696628,0.6295610632489386
stress,joint,wide,34,20262033,0.41660509214435704,0.5162889136485822,1.4342697259363997,1.1565351295850157,2.995105956292573,48.02222222222222,36.06666666666666,44.2,,,
intuitive,joint,wide,34,20262033,,,,0.4632664541357687,11.699527491221206,39.855555555555554,0.24074074074073581,12.861111111111107,0.012978107019950974,0.8813325001708555,0.654926090662806
stress,joint,wide,35,20262034,0.05318270964037364,0.19818501644673647,1.1816116408195383,1.0445234564617167,2.4033560061401205,46.98888888888889,23.377777777777776,26.08888888888889,,,
intuitive,joint,wide,35,20262034,,,,0.8106727416747183,4.142379214360181,-18.27777777777778,0.62962962962963,2.413333333333334,0.44366513914043143,0.5910454129819299,0.4634615913480188
stress,joint,wide,36,20262035,0.5446876864494197,0.4233182119523224,0.34298952824682055,1.8905242479759967,1.5347437632134773,26.366666666666667,1.6444444444444428,16.45777777777778,,,
intuitive,joint,wide,36,20262035,,,,0.7295365466561032,5.255671089576749,-4.927777777777777,2.5555555555555554,12.865555555555556,1.0908270220693084,0.5866885245650693,1.1338765191934883
stress,joint,wide,37,20262036,0.9302181944884199,0.28821697938602375,0.46574832028585045,0.719025136688568,3.278421510160694,47.52777777777778,2.111111111111108,43.88555555555556,,,
intuitive,joint,wide,37,20262036,,,,0.5113156073914646,10.012875239100396,26.900000000000002,4.462962962962963,5.337777777777781,0.6251716956687904,1.2437847218026319,0.4261324108599872
stress,joint,wide,38,20262037,0.8907942903584628,0.7953292762779879,0.008169322561816196,0.8069656986004559,3.9267504096133674,21.133333333333333,-1.333333333333334,69.82555555555555,,,
intuitive,joint,wide,38,20262037,,,,0.9240846129000535,4.429153211313476,1.0111111111111113,1.88888888888889,0.7444444444444436,1.1103881220330967,0.8609111733601406,0.18731202665580773
stress,joint,wide,39,20262038,0.30187293409472726,0.8549270781469369,0.14481605707124443,1.2873852136955686,1.7155487404030718,22.62777777777778,-0.022222222222223476,45.56777777777778,,,
intuitive,joint,wide,39,20262038,,,,0.47260605283920665,11.969004004712769,-5.6,14.018518518518519,27.78222222222222,0.9766046102086887,0.1067652648033024,1.1451975477116452
stress,joint,wide,40,20262039,0.5428449163844551,0.34059477475891764,0.643746763501212,2.0290528961622143,3.0844536502524003,42.166666666666664,8.62222222222222,40.507777777777775,,,
intuitive,joint,wide,40,20262039,,,,0.6635048292158255,12.371162986714634,-37.644444444444446,4.703703703703704,7.523333333333326,0.6131470654254794,0.07568248604667177,0.4671072054948484
stress,joint,wide,41,20262040,0.98078293668579,0.8767639663924698,0.884037020280524,1.3477707796926808,1.4609269188024552,20.583333333333332,0.3111111111111106,37.098888888888894,,,
intuitive,joint,wide,41,20262040,,,,0.40314743045858165,7.004027863901619,11.922222222222222,4.611111111111109,3.6066666666666656,1.0660130860312007,1.0387137898085133,0.46312557001134236
stress,joint,wide,42,20262041,0.569512385467154,0.8374696426386016,1.3246993157633564,1.6239868094100736,1.8147924104224,10.133333333333333,5.133333333333331,27.80222222222222,,,
intuitive,joint,wide,42,20262041,,,,0.6746222580160774,13.323682567789673,42.35,-0.05555555555556424,30.493333333333325,0.10641254929172325,0.8904677520355542,1.0796824358243449
stress,joint,wide,43,20262042,0.37228373007140114,0.0070928810243730545,0.4243937944138413,1.51534410394805,1.0243613739105903,21.872222222222224,1.0666666666666658,4.463333333333338,,,
intuitive,joint,wide,43,20262042,,,,0.3010366104630498,13.562707758000604,13.166666666666666,4.777777777777775,1.5311111111111089,0.5418282287377747,0.25277392945526733,0.11774077147902046
stress,joint,wide,44,20262043,0.9710801641152158,0.3964220072096761,1.440567697502527,0.6292734686849519,1.2945578062486056,13.033333333333335,7.955555555555555,15.033333333333335,,,
intuitive,joint,wide,44,20262043,,,,0.7022107522039602,9.149285143247958,-36.25000000000001,1.7962962962963014,1.7344444444444491,0.4123523608196432,0.23428235459203445,0.2110232154260433
stress,joint,wide,45,20262044,0.47118607493252096,0.19487287911553533,1.3379274451048526,0.6260424188121585,2.4774453140379484,35.9,35.422222222222224,29.54333333333333,,,
intuitive,joint,wide,45,20262044,,,,0.30085086341285444,6.113678331567366,13.311111111111112,1.481481481481481,3.933333333333337,0.6219519126547663,0.6771744969012237,0.45701062458939357
stress,joint,wide,46,20262045,0.28147545409595975,0.06050239048912861,0.7251692927696545,0.603421178164943,3.9175241058041315,59.605555555555554,15.333333333333332,16.335555555555544,,,
intuitive,joint,wide,46,20262045,,,,0.6855488677635173,13.445804801687842,15.327777777777776,8.388888888888884,2.4011111111111063,0.6937549021594527,0.7779350069660956,0.2309855795780484
stress,joint,wide,47,20262046,0.06326750721308494,0.11111748766874043,1.5259525403281125,0.629137210655691,3.985487368457188,56.45,61.53333333333333,11.347777777777772,,,
intuitive,joint,wide,47,20262046,,,,0.3274210351008189,6.861180866438486,10.655555555555555,5.407407407407404,13.125555555555557,1.2075324003116377,1.1971409868385532,0.9960101399126935
stress,joint,wide,48,20262047,0.0491892347595555,0.4446096474053147,0.4643291088744171,1.4899336582731815,3.1322835729627823,43.55555555555556,8.333333333333329,53.68111111111112,,,
intuitive,joint,wide,48,20262047,,,,0.8979829427724948,12.48832297119313,29.94444444444444,2.1666666666666723,26.339999999999996,0.4407309696132562,0.8848123912360772,0.9861553297191007
stress,joint,active,1,20262000,0.37960930103498103,0.6264610527817341,0.602513405520202,0.995239558067566,2.8570494363637393,43.227777777777774,5.444444444444441,61.85777777777779,,,
intuitive,joint,active,1,20262000,,,,0.6964048815723871,9.537564200376213,9.116666666666667,9.407407407407407,16.690000000000005,1.0048471300474564,0.9308062148770011,0.9129342573206515
stress,joint,active,2,20262001,0.7781966913702706,0.5904582694427152,1.1966970411359692,1.594965315848197,2.175243664833827,27.022222222222226,10.088888888888889,38.91222222222221,,,
intuitive,joint,active,2,20262001,,,,0.4453816869934748,13.561253601378883,12.488888888888889,18.537037037037038,13.111111111111114,1.013975728539931,0.9334975260792279,0.670260495656533
stress,joint,active,3,20262002,0.3341318343530938,0.29662256560975886,1.3715356789810405,1.0630718171735514,2.7450340491570495,40.77222222222222,38.53333333333333,39.583333333333336,,,
intuitive,joint,active,3,20262002,,,,0.5426903494969345,12.456722485793042,5.250000000000001,17.018518518518515,27.343333333333334,1.0665352247382498,0.6742788266480663,1.1697800226291248
stress,joint,active,4,20262003,0.31461583415145594,0.38290638913062125,0.7531880391953163,1.7872710840354078,2.508210808394361,40.41111111111111,13.33333333333333,44.141111111111115,,,
intuitive,joint,active,4,20262003,,,,0.3972269242106726,13.935400663768073,29.022222222222222,7.72222222222222,17.171111111111117,0.6514101143944978,1.1678307538832908,0.7303125118510516
stress,joint,active,5,20262004,0.8094698864479959,0.5311353076201861,0.531080627252567,1.5656968765380426,2.0791818951140035,17.855555555555558,0.311111111111112,27.418888888888894,,,
intuitive,joint,active,5,20262004,,,,0.5185746510026273,11.432615974724154,8.522222222222224,13.314814814814813,11.635555555555555,0.9864770973689534,0.7446659878964395,0.677065096195627
stress,joint,active,6,20262005,0.6848366065226874,0.33895778270819105,1.1766739267711035,2.1981202108573394,2.7507673395545504,38.38333333333333,19.066666666666666,46.33555555555556,,,
intuitive,joint,active,6,20262005,,,,0.38148497242892954,9.757204970564395,7.7777777777777795,9.888888888888886,6.677777777777781,1.0860457366011507,0.6194674579328068,0.5368767527370791
stress,joint,active,7,20262006,0.36740775751201626,0.5631091493344826,1.2334199707516564,1.4117191208997684,2.7107638079704532,24.98888888888889,36.75555555555555,63.55111111111112,,,
intuitive,joint,active,7,20262006,,,,0.45576505845092197,9.687215722571384,12.227777777777778,9.148148148148147,25.82888888888889,0.9526886233506875,0.7856680541957557,1.1705619425047578
stress,joint,active,8,20262007,0.268453069810275,0.3895677902178075,0.9355178192652307,0.933130663780262,2.9609901900884914,45.227777777777774,15.95555555555556,35.727777777777774,,,
intuitive,joint,active,8,20262007,,,,0.46519124031596004,10.692053480718533,13.977777777777778,7.7962962962962985,11.94111111111112,0.7818917987343612,0.6712805239362925,0.6437000275726967
stress,joint,active,9,20262008,0.6605624139709516,0.3075841015346515,0.9022690244017991,1.6784381233066934,1.9882915995768735,34.03888888888889,2.933333333333335,20.923333333333332,,,
intuitive,joint,active,9,20262008,,,,0.44833382543385525,12.457305553620209,24.45,7.296296296296301,32.52666666666667,0.6747601616823612,0.9316684614599972,1.1623081734390994
stress,joint,active,10,20262009,0.649505815267411,0.5510088121693468,1.4388619207371778,1.4274303138302669,2.424353018610953,23.061111111111114,33.02222222222222,33.138888888888886,,,
intuitive,joint,active,10,20262009,,,,0.4744620865169875,12.563418538958391,25.06666666666667,7.425925925925925,33.57111111111111,0.6827937821800302,1.0969247937110058,1.1775955258062305
stress,joint,active,11,20262010,0.7382304771685735,0.5959263555060407,0.799773727271537,1.139015607108238,1.6205555876343665,18.727777777777778,3.911111111111111,21.89222222222222,,,
intuitive,joint,active,11,20262010,,,,0.48386831812685877,9.916249854849264,25.188888888888894,4.499999999999998,29.589999999999996,0.6202496647723786,1.1100569211987479,1.1879425786387332
stress,joint,active,12,20262011,0.3412033696326854,0.33760420751517717,1.1727967652931355,1.086686907892117,2.012511327582355,30.805555555555557,13.266666666666666,31.247777777777785,,,
intuitive,joint,active,12,20262011,,,,0.4791522160112977,8.727946931768193,11.57777777777778,6.259259259259259,15.103333333333335,0.9009136370820225,0.7261099129250661,0.89686389155469
stress,joint,active,13,20262012,0.5732822771481144,0.35851816554965305,0.954570069673995,1.0607461677110637,2.175543293464616,37.32222222222222,12.844444444444447,39.54333333333333,,,
intuitive,joint,active,13,20262012,,,,0.6986910573823939,11.844401161672288,-0.044444444444444176,15.870370370370368,11.676666666666666,1.1715665272024396,0.7501302950716698,0.6943109838130297
stress,joint,active,14,20262013,0.7476219104590283,0.49500958067871254,1.0471139773345475,1.3727167618827563,2.7630543212888625,29.961111111111105,23.400000000000002,53.540000000000006,,,
intuitive,joint,active,14,20262013,,,,0.5814509345234313,8.621194735333985,17.9,4.907407407407407,26.013333333333332,0.7693888369298442,1.021102216148892,1.1862597893942435
stress,joint,active,15,20262014,0.5194072447898488,0.5541765429013218,0.7968976570132591,1.398749445943874,2.3834707588530617,23.772222222222222,9.533333333333333,48.75777777777776,,,
intuitive,joint,active,15,20262014,,,,0.6018406061090522,13.721599790087877,13.227777777777778,18.07407407407408,15.658888888888889,0.9712296611762972,1.020527787075049,0.7287859886784938
stress,joint,active,16,20262015,0.47889606213585717,0.5716663501147188,1.074713687403141,1.0930189635425416,2.5690958618080173,27.21666666666667,7.422222222222222,61.540000000000006,,,
intuitive,joint,active,16,20262015,,,,0.35568880830408145,11.749533387328281,14.16111111111111,12.851851851851851,27.172222222222217,0.9635541465579845,0.877068370217543,1.1436756589306487
stress,joint,active,17,20262016,0.7552510397943651,0.3892973743676396,1.4272846488031588,2.0910974191274816,2.588270932256894,26.32777777777778,27.644444444444442,40.871111111111105,,,
intuitive,joint,active,17,20262016,,,,0.4268881569353232,10.379136580680644,20.955555555555556,6.37037037037037,15.533333333333339,0.7486295967292849,0.9638199148944326,0.7573876548802766
stress,joint,active,18,20262017,0.7421357713453779,0.570327106916351,1.1413812280504068,0.9855244312445294,1.5847064906977821,20.494444444444444,5.3999999999999995,21.272222222222222,,,
intuitive,joint,active,18,20262017,,,,0.350571949505279,10.469246482181413,14.455555555555556,11.685185185185185,19.955555555555556,0.9979531506854062,1.0480261336024885,0.9798071850825663
stress,joint,active,19,20262018,0.4211121724200128,0.45564177234589986,1.1458866036448074,0.8733817613762334,2.693066147001287,23.416666666666668,26.422222222222224,34.033333333333346,,,
intuitive,joint,active,19,20262018,,,,0.6233742046604758,11.2963920645242,4.616666666666666,15.37037037037037,11.559999999999999,1.1512251749968376,0.8780301890107088,0.6997201516862195
stress,joint,active,20,20262019,0.6025291184013063,0.7084734026201077,0.7201458550973081,1.9644260043081574,1.252477169132458,9.811111111111112,1.6888888888888884,15.370000000000001,,,
intuitive,joint,active,20,20262019,,,,0.6699342757919369,10.647039404414341,11.955555555555556,11.148148148148152,22.183333333333334,0.9824261568852762,1.0092355966686013,1.047156979178135
stress,joint,active,21,20262020,0.6304060076558441,0.4789366502711779,0.5744991845188026,1.0039011833625595,1.8271157546769459,29.844444444444445,2.244444444444445,20.696666666666665,,,
intuitive,joint,active,21,20262020,,,,0.6180318288596829,8.314337537684883,-1.4555555555555586,7.499999999999998,11.943333333333335,1.074060021898098,0.6274127149477322,0.8119200457591915
stress,joint,active,22,20262021,0.6326056842990966,0.7142230419880079,0.8697868295322742,1.4115412845777484,2.0996308110988107,21.572222222222223,14.555555555555555,26.241111111111106,,,
intuitive,joint,active,22,20262021,,,,0.3854894697848683,10.677793110695223,8.083333333333332,12.62962962962963,10.518888888888895,1.0633028374334763,0.6279085250767821,0.6638950144225308
stress,joint,active,23,20262022,0.8278370151379295,0.6623726180869715,1.347067577825125,0.9351156851967001,2.0022232736063326,20.33888888888889,8.133333333333335,36.89222222222222,,,
intuitive,joint,active,23,20262022,,,,0.3946277214295027,11.412175224362569,21.28333333333333,8.962962962962964,29.861111111111114,0.7930295761706712,1.19385064214153,1.138413380251259
stress,joint,active,24,20262023,0.6855075684127786,0.7409505312149136,1.3405008143153896,0.9580542954593292,2.894222326631118,32.05,28.688888888888886,50.136666666666656,,,
intuitive,joint,active,24,20262023,,,,0.47960568220793,9.077165976282366,17.333333333333336,3.8518518518518507,12.610000000000007,0.6749266759698187,0.7369773808974971,0.7109284020463784
stress,joint,active,25,20262024,0.5518291843862093,0.381149734784022,0.8393461295848459,1.311887255078145,2.8991022309218266,54.905555555555566,19.62222222222222,48.82222222222221,,,
intuitive,joint,active,25,20262024,,,,0.5576020142395335,9.563273085252135,19.927777777777777,3.5740740740740766,18.797777777777775,0.6719231071886811,0.8322656803538786,0.9044100640678566
stress,joint,active,26,20262025,0.3211479173438935,0.40219490232807537,0.6248834829999227,1.4309273398129139,1.697923354405661,29.15555555555556,4.9111111111111105,17.79888888888889,,,
intuitive,joint,active,26,20262025,,,,0.5779088794437631,13.514016327421666,21.28888888888889,7.870370370370372,24.66222222222222,0.6813634003841993,0.7708629939574038,0.9109914802092569
stress,joint,active,27,20262026,0.6269558620600542,0.3836782210317128,0.6808790155113726,1.1898553462628763,2.5189919805656578,35.544444444444444,5.822222222222223,46.949999999999996,,,
intuitive,joint,active,27,20262026,,,,0.6029075755057994,9.43196818257803,23.966666666666665,4.592592592592595,16.10555555555556,0.6487790077337328,1.1315118828929642,0.8057336166702797
stress,joint,active,28,20262027,0.8228184135755225,0.5026462198402979,1.1985069605290457,0.8111960759660726,2.9630194759123665,37.06666666666667,25.955555555555556,50.09111111111111,,,
intuitive,joint,active,28,20262027,,,,0.4235200961253449,11.432341670080568,9.494444444444444,14.629629629629628,12.785555555555558,1.1478722998062694,0.9440226432630443,0.7648257645380215
stress,joint,active,29,20262028,0.6766397282148346,0.5202698152062745,1.123875520960433,1.1827022416269877,1.7952434209739192,26.555555555555554,3.8666666666666627,22.04111111111111,,,
intuitive,joint,active,29,20262028,,,,0.5720654967131753,9.292328404570602,15.911111111111111,4.370370370370372,11.147777777777776,0.6916866908474539,0.7840718956740009,0.65396276926744
stress,joint,active,30,20262029,0.7381079246450908,0.294057900059929,0.6610271703880214,0.9526214097985786,1.5072167217111683,30.194444444444446,3.3111111111111144,22.673333333333332,,,
intuitive,joint,active,30,20262029,,,,0.5184356883408916,12.896229876415159,16.06111111111111,13.518518518518515,22.316666666666663,0.875931151154204,0.8867882031837233,0.9087577934304042
stress,joint,active,31,20262030,0.6853408404207092,0.269884210458943,0.7856395834799419,1.0109090668037406,1.9297317776165275,34.02222222222222,2.1777777777777785,31.598888888888887,,,
intuitive,joint,active,31,20262030,,,,0.3917896611288777,12.86926419454758,25.66111111111111,6.425925925925929,15.563333333333347,0.6350359257481368,0.8170986858111339,0.6796698522464818
stress,joint,active,32,20262031,0.7915385165569944,0.363276101148381,0.5072188767028798,2.1275393913799405,1.9745903772289195,16.68888888888889,4.066666666666668,28.29,,,
intuitive,joint,active,32,20262031,,,,0.3860411915292006,9.200486888350603,7.7777777777777795,9.796296296296296,18.254444444444445,1.1360502367151624,0.6980070291952867,1.0716031616333175
stress,joint,active,33,20262032,0.7553110218552016,0.6745140209327797,1.3015770581939052,1.2829620427181423,1.9975056829317348,24.216666666666665,10.222222222222221,43.07000000000001,,,
intuitive,joint,active,33,20262032,,,,0.569718634008706,9.789981707589906,5.250000000000002,6.925925925925927,17.063333333333333,0.8120429067680914,0.6238467495057438,0.8525541954194056
stress,joint,active,34,20262033,0.4999630552866142,0.5155098916741336,1.3964185787102497,1.259574590709511,2.4589032072344623,41.6,27.46666666666666,38.96666666666667,,,
intuitive,joint,active,34,20262033,,,,0.4316332270678844,12.619716494732724,29.61111111111111,5.740740740740735,21.80555555555555,0.6062294913695765,1.0230396000820106,0.8667586107711713
stress,joint,active,35,20262034,0.2819096257842242,0.32111306560633895,1.2385072755122115,1.181166419523202,2.140268618690834,40.855555555555554,18.066666666666666,33.42333333333333,,,
intuitive,joint,active,35,20262034,,,,0.6053363708373591,8.085427528616108,13.833333333333334,4.24074074074074,11.283333333333328,0.812959266787407,0.8837017982313263,0.7595384911548905
stress,joint,active,36,20262035,0.5768126118696518,0.45869446285975257,0.7143684551542628,1.7733669735831978,1.6725543340380262,28.91111111111111,7.022222222222221,19.05666666666667,,,
intuitive,joint,active,36,20262035,,,,0.5647682733280516,8.753402653746049,8.038888888888888,8.796296296296298,19.596666666666664,1.123596970593268,0.8816104917912332,1.1349708507483534
stress,joint,active,37,20262036,0.8081309166930519,0.3761325985136812,0.7910927001786565,0.9533175956819977,2.6114577362403737,44.68333333333333,3.9555555555555566,41.722222222222214,,,
intuitive,joint,active,37,20262036,,,,0.45565780369573233,11.607725143460238,19.127777777777776,12.01851851851852,14.740000000000002,0.9000824139210194,1.1970166664652633,0.7386341500815928
stress,joint,active,38,20262037,0.7844765742150777,0.6860345577254371,0.5051058266011351,1.0148759890203192,2.9605579128687363,23.505555555555556,4.77777777777778,60.72777777777778,,,
intuitive,joint,active,38,20262037,,,,0.6620423064500267,8.257491926788086,7.15,7.796296296296297,6.875555555555561,1.1329862985758863,1.0132373632128675,0.6048947349272523
stress,joint,active,39,20262038,0.43112376045683637,0.7224554366453504,0.5905100356695278,1.3511696495868981,1.7699108602170386,21.96111111111111,2.355555555555555,41.47444444444445,,,
intuitive,joint,active,39,20262038,,,,0.4363030264196033,12.781402402827661,8.005555555555556,17.425925925925924,26.916666666666664,1.0687702129001706,0.6512473271055851,1.1413106267185211
stress,joint,active,40,20262039,0.575706949830673,0.4081412512415608,0.9023417271882574,1.8703370273135502,2.5070135039820616,33.05,8.333333333333334,37.97444444444445,,,
intuitive,joint,active,40,20262039,,,,0.5317524146079128,13.02269779202878,8.044444444444444,14.148148148148149,17.04111111111111,0.8943105914042301,0.6363275933024024,0.7615800350771151
stress,joint,active,41,20262040,0.8384697620114739,0.7358002016842872,1.0525231376753275,1.3934395457848767,1.6328068024320914,24.983333333333334,2.0888888888888903,38.12222222222223,,,
intuitive,joint,active,41,20262040,,,,0.4015737152292908,9.802416718340972,12.072222222222221,11.074074074074074,11.757777777777775,1.1116862812949764,1.0985826191080863,0.7593503192063517
stress,joint,active,42,20262041,0.5917074312802924,0.711787003834701,1.3279370723520976,1.5867907665870515,1.8233497594582153,12.583333333333332,5.733333333333334,31.43222222222223,,,
intuitive,joint,active,42,20262041,,,,0.5373111290080387,13.594209540673804,27.366666666666667,7.074074074074072,32.17,0.6510780236600271,1.027424520977066,1.1046221640616332
stress,joint,active,43,20262042,0.4733702380428407,0.20433453840378354,0.7652461215086508,1.5107408727636351,1.3977330474903178,28.999999999999996,2.7111111111111086,14.513333333333335,,,
intuitive,joint,active,43,20262042,,,,0.3505183052315249,13.737624654800362,16.388888888888893,14.537037037037035,11.175555555555562,0.8600775497941319,0.7213314861385283,0.5659348320282515
stress,joint,active,44,20262043,0.8326480984691295,0.4422578932948021,1.4003548109390793,0.8904914280794664,1.5432234341338646,21.072222222222223,10.777777777777779,21.421111111111106,,,
intuitive,joint,active,44,20262043,,,,0.5511053761019801,11.089571085948776,11.78888888888889,9.166666666666668,11.14888888888889,0.7979291331934287,0.7124555302041765,0.6181730006385843
stress,joint,active,45,20262044,0.5327116449595126,0.31908898168171607,1.3362046531905327,0.888229693168511,2.1801628614050492,31.633333333333336,24.0,30.049999999999994,,,
intuitive,joint,active,45,20262044,,,,0.3504254317064272,9.26820699894042,16.144444444444446,7.537037037037039,13.430000000000003,0.8985369180742878,0.9250437585125872,0.7559259497700604
stress,joint,active,46,20262045,0.41888527245757584,0.23697368307668973,0.953230807981034,0.8723948247154601,2.9555899031253015,56.05555555555556,9.466666666666669,20.802222222222206,,,
intuitive,joint,active,46,20262045,,,,0.5427744338817586,13.667482881012706,14.222222222222225,16.962962962962962,12.965555555555554,0.9330023530365372,0.9734088033437258,0.6293519245637071
stress,joint,active,47,20262046,0.287960504327851,0.26790513135311916,1.4537203377050703,0.8903960474589837,2.9921855060923317,41.41111111111111,47.77777777777778,22.604444444444447,,,
intuitive,joint,active,47,20262046,,,,0.36371051755040945,9.716708519863092,11.005555555555555,11.648148148148149,18.672222222222224,1.1796155521495861,1.1746276736825054,1.0577656783511082
stress,joint,active,48,20262047,0.2795135408557333,0.4717058956365812,0.7902056930465107,1.4929535607912272,2.5327680777491905,33.800000000000004,10.444444444444445,48.64888888888889,,,
intuitive,joint,active,48,20262047,,,,0.6489914713862474,13.092993782715878,19.488888888888887,11.759259259259263,28.458888888888893,0.8115508654143629,1.024709947793317,1.0522469846426963
