model,sweep,parameter,value,seed,objective_gap_points,direction_gap_points,large_reach_width_points
stress,one_factor,traffic_response_exponent,0.5,20261002,19.15,18.777777777777775,35.44444444444444
stress,one_factor,traffic_response_exponent,1.0,20261002,28.805555555555557,18.777777777777775,35.44444444444444
stress,one_factor,traffic_response_exponent,1.5,20261002,27.63888888888889,18.777777777777775,35.44444444444444
stress,one_factor,traffic_response_exponent,2.0,20261002,25.083333333333336,18.777777777777775,35.44444444444444
stress,one_factor,traffic_response_exponent,2.5,20261002,23.561111111111114,18.777777777777775,35.44444444444444
stress,one_factor,direction_cost_contrast,0.0,20261002,25.083333333333336,-0.9111111111111098,35.44444444444444
stress,one_factor,direction_cost_contrast,0.35,20261002,25.083333333333336,1.8888888888888928,35.44444444444444
stress,one_factor,direction_cost_contrast,0.7,20261002,25.083333333333336,5.888888888888891,35.44444444444444
stress,one_factor,direction_cost_contrast,1.05,20261002,25.083333333333336,11.11111111111111,35.44444444444444
stress,one_factor,direction_cost_contrast,1.4,20261002,25.083333333333336,18.777777777777775,35.44444444444444
stress,one_factor,opportunity_shift_sigma,0.0,20261002,29.72222222222222,20.84444444444445,49.22555555555557
stress,one_factor,opportunity_shift_sigma,0.2,20261002,27.811111111111114,21.355555555555554,47.05222222222223
stress,one_factor,opportunity_shift_sigma,0.4,20261002,26.927777777777774,22.17777777777778,39.534444444444446
stress,one_factor,opportunity_shift_sigma,0.7,20261002,25.083333333333336,18.777777777777775,35.44444444444444
stress,one_factor,opportunity_shift_sigma,1.0,20261002,21.422222222222224,16.288888888888888,37.36222222222222
stress,one_factor,price_shift_sigma,0.0,20261002,32.038888888888884,22.91111111111111,31.31666666666667
stress,one_factor,price_shift_sigma,0.2,20261002,31.461111111111105,23.799999999999997,24.950000000000003
stress,one_factor,price_shift_sigma,0.4,20261002,28.916666666666664,23.644444444444446,28.237777777777776
stress,one_factor,price_shift_sigma,0.6,20261002,25.083333333333336,18.777777777777775,35.44444444444444
stress,one_factor,price_shift_sigma,0.8,20261002,21.683333333333334,11.022222222222222,41.775555555555556
stress,one_factor,selection_concentration,0.75,20261002,14.783333333333335,1.0444444444444452,7.767777777777781
stress,one_factor,selection_concentration,1.25,20261002,17.90555555555556,4.666666666666668,17.756666666666668
stress,one_factor,selection_concentration,2.0,20261002,25.083333333333336,18.777777777777775,35.44444444444444
stress,one_factor,selection_concentration,3.0,20261002,34.544444444444444,31.355555555555558,52.620000000000005
stress,one_factor,selection_concentration,4.0,20261002,42.083333333333336,43.6888888888889,64.16999999999999
intuitive,one_factor,response_contrast,0.0,20261002,-11.561111111111114,14.777777777777775,22.90444444444444
intuitive,one_factor,response_contrast,0.25,20261002,-5.083333333333334,14.777777777777775,22.90444444444444
intuitive,one_factor,response_contrast,0.5,20261002,3.733333333333333,14.777777777777775,22.90444444444444
intuitive,one_factor,response_contrast,0.75,20261002,10.26666666666667,14.777777777777775,22.90444444444444
intuitive,one_factor,response_contrast,1.0,20261002,13.244444444444447,14.777777777777775,22.90444444444444
intuitive,one_factor,response_contrast,1.25,20261002,15.622222222222224,14.777777777777775,22.90444444444444
intuitive,one_factor,activity_contrast,0.0,20261002,43.01666666666667,0.16666666666666496,26.464444444444453
intuitive,one_factor,activity_contrast,0.25,20261002,39.87222222222222,0.31481481481481777,26.746666666666663
intuitive,one_factor,activity_contrast,0.5,20261002,32.077777777777776,3.0925925925925912,26.192222222222213
intuitive,one_factor,activity_contrast,0.75,20261002,22.055555555555557,8.629629629629632,26.03111111111112
intuitive,one_factor,activity_contrast,1.0,20261002,13.244444444444447,14.777777777777775,22.90444444444444
intuitive,one_factor,activity_contrast,1.25,20261002,6.594444444444444,16.944444444444446,18.46
intuitive,one_factor,profile_strength,0.0,20261002,12.06111111111111,14.037037037037035,0.6844444444444377
intuitive,one_factor,profile_strength,0.25,20261002,12.211111111111112,14.24074074074074,3.2599999999999945
intuitive,one_factor,profile_strength,0.5,20261002,12.394444444444444,14.351851851851851,7.983333333333338
intuitive,one_factor,profile_strength,0.75,20261002,13.166666666666668,14.648148148148149,15.014444444444447
intuitive,one_factor,profile_strength,1.0,20261002,13.244444444444447,14.777777777777775,22.90444444444444
intuitive,one_factor,profile_strength,1.25,20261002,12.755555555555556,15.092592592592597,30.720000000000002
intuitive,one_factor,selection_concentration,4.0,20261002,11.0,1.3333333333333335,8.435555555555556
intuitive,one_factor,selection_concentration,6.0,20261002,11.661111111111111,2.870370370370373,13.54111111111111
intuitive,one_factor,selection_concentration,8.0,20261002,12.283333333333331,6.203703703703703,17.47333333333333
intuitive,one_factor,selection_concentration,10.0,20261002,12.905555555555557,10.166666666666666,20.334444444444447
intuitive,one_factor,selection_concentration,12.0,20261002,13.244444444444447,14.777777777777775,22.90444444444444
intuitive,one_factor,selection_concentration,14.0,20261002,13.461111111111112,19.407407407407405,24.832222222222224
intuitive,one_factor,traffic_response_exponent,0.3,20261002,13.188888888888888,14.777777777777775,22.90444444444444
intuitive,one_factor,traffic_response_exponent,0.4,20261002,13.955555555555554,14.777777777777775,22.90444444444444
intuitive,one_factor,traffic_response_exponent,0.5,20261002,13.244444444444447,14.777777777777775,22.90444444444444
intuitive,one_factor,traffic_response_exponent,0.6,20261002,12.216666666666667,14.777777777777775,22.90444444444444
intuitive,one_factor,traffic_response_exponent,0.8,20261002,9.450000000000001,14.777777777777775,22.90444444444444
intuitive,one_factor,traffic_response_exponent,1.0,20261002,6.955555555555557,14.777777777777775,22.90444444444444
stress,one_factor,traffic_response_exponent,0.5,20261003,21.82777777777778,5.022222222222222,40.7988888888889
stress,one_factor,traffic_response_exponent,1.0,20261003,33.92222222222222,5.022222222222222,40.7988888888889
stress,one_factor,traffic_response_exponent,1.5,20261003,33.90555555555556,5.022222222222222,40.7988888888889
stress,one_factor,traffic_response_exponent,2.0,20261003,30.4,5.022222222222222,40.7988888888889
stress,one_factor,traffic_response_exponent,2.5,20261003,27.47222222222222,5.022222222222222,40.7988888888889
stress,one_factor,direction_cost_contrast,0.0,20261003,30.4,-0.2888888888888941,40.7988888888889
stress,one_factor,direction_cost_contrast,0.35,20261003,30.4,0.9999999999999981,40.7988888888889
stress,one_factor,direction_cost_contrast,0.7,20261003,30.4,3.622222222222221,40.7988888888889
stress,one_factor,direction_cost_contrast,1.05,20261003,30.4,4.222222222222222,40.7988888888889
stress,one_factor,direction_cost_contrast,1.4,20261003,30.4,5.022222222222222,40.7988888888889
stress,one_factor,opportunity_shift_sigma,0.0,20261003,27.400000000000002,16.622222222222227,46.05111111111112
stress,one_factor,opportunity_shift_sigma,0.2,20261003,30.5,14.66666666666667,45.910000000000004
stress,one_factor,opportunity_shift_sigma,0.4,20261003,30.783333333333328,9.399999999999997,45.20666666666668
stress,one_factor,opportunity_shift_sigma,0.7,20261003,30.4,5.022222222222222,40.7988888888889
stress,one_factor,opportunity_shift_sigma,1.0,20261003,30.01111111111111,4.822222222222221,42.59666666666668
stress,one_factor,price_shift_sigma,0.0,20261003,30.41111111111111,15.488888888888889,28.046666666666663
stress,one_factor,price_shift_sigma,0.2,20261003,30.599999999999998,13.799999999999999,31.00333333333333
stress,one_factor,price_shift_sigma,0.4,20261003,29.955555555555556,8.333333333333336,35.403333333333336
stress,one_factor,price_shift_sigma,0.6,20261003,30.4,5.022222222222222,40.7988888888889
stress,one_factor,price_shift_sigma,0.8,20261003,32.55555555555556,4.044444444444445,53.190000000000005
stress,one_factor,selection_concentration,0.75,20261003,18.622222222222224,0.9555555555555539,8.51666666666667
stress,one_factor,selection_concentration,1.25,20261003,22.88888888888889,2.2444444444444462,22.48444444444445
stress,one_factor,selection_concentration,2.0,20261003,30.4,5.022222222222222,40.7988888888889
stress,one_factor,selection_concentration,3.0,20261003,38.56111111111111,10.022222222222224,57.92888888888889
stress,one_factor,selection_concentration,4.0,20261003,43.65555555555555,16.155555555555555,66.13444444444444
intuitive,one_factor,response_contrast,0.0,20261003,-10.122222222222222,14.981481481481481,22.25444444444445
intuitive,one_factor,response_contrast,0.25,20261003,-3.8111111111111096,14.981481481481481,22.25444444444445
intuitive,one_factor,response_contrast,0.5,20261003,4.555555555555555,14.981481481481481,22.25444444444445
intuitive,one_factor,response_contrast,0.75,20261003,10.544444444444443,14.981481481481481,22.25444444444445
intuitive,one_factor,response_contrast,1.0,20261003,13.43888888888889,14.981481481481481,22.25444444444445
intuitive,one_factor,response_contrast,1.25,20261003,16.022222222222222,14.981481481481481,22.25444444444445
intuitive,one_factor,activity_contrast,0.0,20261003,43.26111111111111,-0.5555555555555536,27.06111111111111
intuitive,one_factor,activity_contrast,0.25,20261003,40.550000000000004,-0.18518518518518823,27.681111111111115
intuitive,one_factor,activity_contrast,0.5,20261003,32.65,2.4259259259259314,26.28
intuitive,one_factor,activity_contrast,0.75,20261003,22.272222222222222,8.500000000000007,26.09555555555555
intuitive,one_factor,activity_contrast,1.0,20261003,13.43888888888889,14.981481481481481,22.25444444444445
intuitive,one_factor,activity_contrast,1.25,20261003,7.144444444444445,16.981481481481485,17.97444444444444
intuitive,one_factor,profile_strength,0.0,20261003,13.572222222222225,14.129629629629632,0.6300000000000061
intuitive,one_factor,profile_strength,0.25,20261003,13.188888888888888,14.592592592592593,2.4022222222222247
intuitive,one_factor,profile_strength,0.5,20261003,13.355555555555554,14.74074074074074,7.376666666666669
intuitive,one_factor,profile_strength,0.75,20261003,13.577777777777778,14.722222222222223,14.244444444444444
intuitive,one_factor,profile_strength,1.0,20261003,13.43888888888889,14.981481481481481,22.25444444444445
intuitive,one_factor,profile_strength,1.25,20261003,12.938888888888888,14.962962962962962,30.546666666666667
intuitive,one_factor,selection_concentration,4.0,20261003,11.216666666666665,1.1296296296296304,7.955555555555556
intuitive,one_factor,selection_concentration,6.0,20261003,12.155555555555555,3.407407407407409,12.421111111111113
intuitive,one_factor,selection_concentration,8.0,20261003,12.788888888888888,6.055555555555555,16.333333333333336
intuitive,one_factor,selection_concentration,10.0,20261003,13.094444444444445,10.25925925925926,19.559999999999995
intuitive,one_factor,selection_concentration,12.0,20261003,13.43888888888889,14.981481481481481,22.25444444444445
intuitive,one_factor,selection_concentration,14.0,20261003,13.57222222222222,19.537037037037035,24.326666666666664
intuitive,one_factor,traffic_response_exponent,0.3,20261003,13.600000000000001,14.981481481481481,22.25444444444445
intuitive,one_factor,traffic_response_exponent,0.4,20261003,14.055555555555554,14.981481481481481,22.25444444444445
intuitive,one_factor,traffic_response_exponent,0.5,20261003,13.43888888888889,14.981481481481481,22.25444444444445
intuitive,one_factor,traffic_response_exponent,0.6,20261003,12.544444444444444,14.981481481481481,22.25444444444445
intuitive,one_factor,traffic_response_exponent,0.8,20261003,10.216666666666665,14.981481481481481,22.25444444444445
intuitive,one_factor,traffic_response_exponent,1.0,20261003,7.427777777777777,14.981481481481481,22.25444444444445
stress,one_factor,traffic_response_exponent,0.5,20261004,13.361111111111109,9.222222222222221,33.263333333333335
stress,one_factor,traffic_response_exponent,1.0,20261004,23.233333333333334,9.222222222222221,33.263333333333335
stress,one_factor,traffic_response_exponent,1.5,20261004,23.394444444444446,9.222222222222221,33.263333333333335
stress,one_factor,traffic_response_exponent,2.0,20261004,20.48333333333333,9.222222222222221,33.263333333333335
stress,one_factor,traffic_response_exponent,2.5,20261004,17.516666666666666,9.222222222222221,33.263333333333335
stress,one_factor,direction_cost_contrast,0.0,20261004,20.48333333333333,0.6888888888888861,33.263333333333335
stress,one_factor,direction_cost_contrast,0.35,20261004,20.48333333333333,1.5777777777777737,33.263333333333335
stress,one_factor,direction_cost_contrast,0.7,20261004,20.48333333333333,1.7333333333333325,33.263333333333335
stress,one_factor,direction_cost_contrast,1.05,20261004,20.48333333333333,4.488888888888888,33.263333333333335
stress,one_factor,direction_cost_contrast,1.4,20261004,20.48333333333333,9.222222222222221,33.263333333333335
stress,one_factor,opportunity_shift_sigma,0.0,20261004,18.261111111111113,12.6,33.644444444444446
stress,one_factor,opportunity_shift_sigma,0.2,20261004,18.972222222222225,12.488888888888889,32.782222222222224
stress,one_factor,opportunity_shift_sigma,0.4,20261004,19.8,11.244444444444444,32.60222222222223
stress,one_factor,opportunity_shift_sigma,0.7,20261004,20.48333333333333,9.222222222222221,33.263333333333335
stress,one_factor,opportunity_shift_sigma,1.0,20261004,21.044444444444444,7.266666666666668,34.87444444444445
stress,one_factor,price_shift_sigma,0.0,20261004,30.805555555555554,18.488888888888887,17.66666666666667
stress,one_factor,price_shift_sigma,0.2,20261004,25.90555555555556,14.844444444444441,23.421111111111117
stress,one_factor,price_shift_sigma,0.4,20261004,20.25,11.66666666666667,27.892222222222223
stress,one_factor,price_shift_sigma,0.6,20261004,20.48333333333333,9.222222222222221,33.263333333333335
stress,one_factor,price_shift_sigma,0.8,20261004,15.683333333333332,6.311111111111112,35.766666666666666
stress,one_factor,selection_concentration,0.75,20261004,14.916666666666668,1.022222222222223,7.967777777777776
stress,one_factor,selection_concentration,1.25,20261004,16.11111111111111,3.2666666666666675,18.782222222222224
stress,one_factor,selection_concentration,2.0,20261004,20.48333333333333,9.222222222222221,33.263333333333335
stress,one_factor,selection_concentration,3.0,20261004,21.97777777777778,19.2,46.82333333333334
stress,one_factor,selection_concentration,4.0,20261004,22.444444444444443,28.022222222222222,54.556666666666665
intuitive,one_factor,response_contrast,0.0,20261004,-10.28888888888889,14.462962962962964,21.897777777777776
intuitive,one_factor,response_contrast,0.25,20261004,-3.9444444444444446,14.462962962962964,21.897777777777776
intuitive,one_factor,response_contrast,0.5,20261004,4.522222222222223,14.462962962962964,21.897777777777776
intuitive,one_factor,response_contrast,0.75,20261004,10.683333333333334,14.462962962962964,21.897777777777776
intuitive,one_factor,response_contrast,1.0,20261004,13.461111111111112,14.462962962962964,21.897777777777776
intuitive,one_factor,response_contrast,1.25,20261004,15.972222222222221,14.462962962962964,21.897777777777776
intuitive,one_factor,activity_contrast,0.0,20261004,43.672222222222224,-0.2037037037037004,26.83333333333333
intuitive,one_factor,activity_contrast,0.25,20261004,40.58888888888889,0.16666666666666496,27.668888888888887
intuitive,one_factor,activity_contrast,0.5,20261004,32.44444444444444,2.2962962962962905,26.002222222222223
intuitive,one_factor,activity_contrast,0.75,20261004,22.838888888888892,8.42592592592592,25.611111111111097
intuitive,one_factor,activity_contrast,1.0,20261004,13.461111111111112,14.462962962962964,21.897777777777776
intuitive,one_factor,activity_contrast,1.25,20261004,7.388888888888889,16.444444444444443,18.182222222222222
intuitive,one_factor,profile_strength,0.0,20261004,13.016666666666666,13.740740740740742,1.0811111111111096
intuitive,one_factor,profile_strength,0.25,20261004,12.838888888888889,14.018518518518519,2.808888888888898
intuitive,one_factor,profile_strength,0.5,20261004,12.894444444444447,14.499999999999998,7.364444444444445
intuitive,one_factor,profile_strength,0.75,20261004,13.483333333333336,14.314814814814813,14.06444444444444
intuitive,one_factor,profile_strength,1.0,20261004,13.461111111111112,14.462962962962964,21.897777777777776
intuitive,one_factor,profile_strength,1.25,20261004,12.944444444444445,14.777777777777775,30.275555555555556
intuitive,one_factor,selection_concentration,4.0,20261004,11.5,1.0370370370370363,8.402222222222221
intuitive,one_factor,selection_concentration,6.0,20261004,12.3,3.370370370370368,12.751111111111111
intuitive,one_factor,selection_concentration,8.0,20261004,12.766666666666667,6.4259259259259265,16.604444444444443
intuitive,one_factor,selection_concentration,10.0,20261004,13.299999999999997,10.12962962962963,19.61
intuitive,one_factor,selection_concentration,12.0,20261004,13.461111111111112,14.462962962962964,21.897777777777776
intuitive,one_factor,selection_concentration,14.0,20261004,13.68333333333333,18.72222222222222,23.862222222222226
intuitive,one_factor,traffic_response_exponent,0.3,20261004,13.62777777777778,14.462962962962964,21.897777777777776
intuitive,one_factor,traffic_response_exponent,0.4,20261004,14.111111111111112,14.462962962962964,21.897777777777776
intuitive,one_factor,traffic_response_exponent,0.5,20261004,13.461111111111112,14.462962962962964,21.897777777777776
intuitive,one_factor,traffic_response_exponent,0.6,20261004,12.794444444444444,14.462962962962964,21.897777777777776
intuitive,one_factor,traffic_response_exponent,0.8,20261004,10.277777777777777,14.462962962962964,21.897777777777776
intuitive,one_factor,traffic_response_exponent,1.0,20261004,7.383333333333334,14.462962962962964,21.897777777777776
