portfolio,scope,method,report,truth_union,estimated_union,union_relative_error,signed_union_error,state_entries
broad_awareness_control+crm_customer_list,combined,shared_map_campaign_specific_forward,full_2_edps,13505,12385,0.08293224731580896,-0.08293224731580896,87524
broad_awareness_control+crm_customer_list,combined,shared_map_campaign_specific_reverse,full_2_edps,13505,12383,0.08308034061458719,-0.08308034061458719,87524
broad_awareness_control+crm_customer_list,combined,shared_map_global_daily_state,full_2_edps,13505,12359,0.08485746019992595,-0.08485746019992595,87524
broad_awareness_control+crm_customer_list,combined,campaign_local_maps,full_2_edps,13505,12424,0.08004442798963347,-0.08004442798963347,90194
broad_awareness_control+crm_customer_list,broad_awareness_control,shared_map_campaign_specific_forward,full_2_edps,13241,12149,0.08247111245374217,-0.08247111245374217,87524
broad_awareness_control+crm_customer_list,broad_awareness_control,shared_map_campaign_specific_reverse,full_2_edps,13241,12149,0.08247111245374217,-0.08247111245374217,87524
broad_awareness_control+crm_customer_list,broad_awareness_control,shared_map_global_daily_state,full_2_edps,13241,12113,0.08518994033683257,-0.08518994033683257,87524
broad_awareness_control+crm_customer_list,broad_awareness_control,campaign_local_maps,full_2_edps,13241,12155,0.0820179744732271,-0.0820179744732271,90194
broad_awareness_control+crm_customer_list,crm_customer_list,shared_map_campaign_specific_forward,full_2_edps,1319,1458,0.10538286580742987,0.10538286580742987,87524
broad_awareness_control+crm_customer_list,crm_customer_list,shared_map_campaign_specific_reverse,full_2_edps,1319,1456,0.10386656557998483,0.10386656557998483,87524
broad_awareness_control+crm_customer_list,crm_customer_list,shared_map_global_daily_state,full_2_edps,1319,1481,0.12282031842304776,0.12282031842304776,87524
broad_awareness_control+crm_customer_list,crm_customer_list,campaign_local_maps,full_2_edps,1319,1442,0.0932524639878696,0.0932524639878696,90194
broad_awareness_control+crm_customer_list,combined,shared_map_campaign_specific_forward,weeks_5_12_5_edps,17309,16703,0.035010688081344964,-0.035010688081344964,87524
broad_awareness_control+crm_customer_list,combined,shared_map_campaign_specific_reverse,weeks_5_12_5_edps,17309,16699,0.03524178173204691,-0.03524178173204691,87524
broad_awareness_control+crm_customer_list,combined,shared_map_global_daily_state,weeks_5_12_5_edps,17309,16632,0.03911260038130453,-0.03911260038130453,87524
broad_awareness_control+crm_customer_list,combined,campaign_local_maps,weeks_5_12_5_edps,17309,16722,0.03391299324051072,-0.03391299324051072,90194
broad_awareness_control+crm_customer_list,broad_awareness_control,shared_map_campaign_specific_forward,weeks_5_12_5_edps,17266,16670,0.0345187072859956,-0.0345187072859956,87524
broad_awareness_control+crm_customer_list,broad_awareness_control,shared_map_campaign_specific_reverse,weeks_5_12_5_edps,17266,16666,0.03475037646241168,-0.03475037646241168,87524
broad_awareness_control+crm_customer_list,broad_awareness_control,shared_map_global_daily_state,weeks_5_12_5_edps,17266,16575,0.040020850225877445,-0.040020850225877445,87524
broad_awareness_control+crm_customer_list,broad_awareness_control,campaign_local_maps,weeks_5_12_5_edps,17266,16676,0.034171203521371485,-0.034171203521371485,90194
broad_awareness_control+crm_customer_list,crm_customer_list,shared_map_campaign_specific_forward,weeks_5_12_5_edps,1260,1648,0.30793650793650795,0.30793650793650795,87524
broad_awareness_control+crm_customer_list,crm_customer_list,shared_map_campaign_specific_reverse,weeks_5_12_5_edps,1260,1631,0.29444444444444445,0.29444444444444445,87524
broad_awareness_control+crm_customer_list,crm_customer_list,shared_map_global_daily_state,weeks_5_12_5_edps,1260,1717,0.3626984126984127,0.3626984126984127,87524
broad_awareness_control+crm_customer_list,crm_customer_list,campaign_local_maps,weeks_5_12_5_edps,1260,1525,0.21031746031746032,0.21031746031746032,90194
broad_awareness_control+crm_customer_list,combined,shared_map_campaign_specific_forward,full_5_edps,17784,17354,0.024179037336932073,-0.024179037336932073,87524
broad_awareness_control+crm_customer_list,combined,shared_map_campaign_specific_reverse,full_5_edps,17784,17351,0.024347728295096717,-0.024347728295096717,87524
broad_awareness_control+crm_customer_list,combined,shared_map_global_daily_state,full_5_edps,17784,17305,0.026934322986954567,-0.026934322986954567,87524
broad_awareness_control+crm_customer_list,combined,campaign_local_maps,full_5_edps,17784,17366,0.023504273504273504,-0.023504273504273504,90194
broad_awareness_control+crm_customer_list,broad_awareness_control,shared_map_campaign_specific_forward,full_5_edps,17780,17342,0.024634420697412823,-0.024634420697412823,87524
broad_awareness_control+crm_customer_list,broad_awareness_control,shared_map_campaign_specific_reverse,full_5_edps,17780,17339,0.024803149606299212,-0.024803149606299212,87524
broad_awareness_control+crm_customer_list,broad_awareness_control,shared_map_global_daily_state,full_5_edps,17780,17281,0.028065241844769405,-0.028065241844769405,87524
broad_awareness_control+crm_customer_list,broad_awareness_control,campaign_local_maps,full_5_edps,17780,17349,0.024240719910011248,-0.024240719910011248,90194
broad_awareness_control+crm_customer_list,crm_customer_list,shared_map_campaign_specific_forward,full_5_edps,1403,1997,0.4233784746970777,0.4233784746970777,87524
broad_awareness_control+crm_customer_list,crm_customer_list,shared_map_campaign_specific_reverse,full_5_edps,1403,1964,0.3998574483250178,0.3998574483250178,87524
broad_awareness_control+crm_customer_list,crm_customer_list,shared_map_global_daily_state,full_5_edps,1403,2148,0.5310049893086244,0.5310049893086244,87524
broad_awareness_control+crm_customer_list,crm_customer_list,campaign_local_maps,full_5_edps,1403,1796,0.28011404133998574,0.28011404133998574,90194
broad_awareness_control+crm_customer_list,combined,shared_map_campaign_specific_forward,full_10_edps,17999,17994,0.0002777932107339297,-0.0002777932107339297,87524
broad_awareness_control+crm_customer_list,combined,shared_map_campaign_specific_reverse,full_10_edps,17999,17994,0.0002777932107339297,-0.0002777932107339297,87524
broad_awareness_control+crm_customer_list,combined,shared_map_global_daily_state,full_10_edps,17999,17990,0.0005000277793210734,-0.0005000277793210734,87524
broad_awareness_control+crm_customer_list,combined,campaign_local_maps,full_10_edps,17999,17994,0.0002777932107339297,-0.0002777932107339297,90194
broad_awareness_control+crm_customer_list,broad_awareness_control,shared_map_campaign_specific_forward,full_10_edps,17999,17994,0.0002777932107339297,-0.0002777932107339297,87524
broad_awareness_control+crm_customer_list,broad_awareness_control,shared_map_campaign_specific_reverse,full_10_edps,17999,17994,0.0002777932107339297,-0.0002777932107339297,87524
broad_awareness_control+crm_customer_list,broad_awareness_control,shared_map_global_daily_state,full_10_edps,17999,17990,0.0005000277793210734,-0.0005000277793210734,87524
broad_awareness_control+crm_customer_list,broad_awareness_control,campaign_local_maps,full_10_edps,17999,17994,0.0002777932107339297,-0.0002777932107339297,90194
broad_awareness_control+crm_customer_list,crm_customer_list,shared_map_campaign_specific_forward,full_10_edps,1407,2629,0.8685145700071073,0.8685145700071073,87524
broad_awareness_control+crm_customer_list,crm_customer_list,shared_map_campaign_specific_reverse,full_10_edps,1407,2548,0.8109452736318408,0.8109452736318408,87524
broad_awareness_control+crm_customer_list,crm_customer_list,shared_map_global_daily_state,full_10_edps,1407,3092,1.1975835110163469,1.1975835110163469,87524
broad_awareness_control+crm_customer_list,crm_customer_list,campaign_local_maps,full_10_edps,1407,1985,0.4108031272210377,0.4108031272210377,90194
website_retargeting+app_activity_retargeting,combined,shared_map_campaign_specific_forward,full_2_edps,3915,3601,0.08020434227330779,-0.08020434227330779,14742
website_retargeting+app_activity_retargeting,combined,shared_map_campaign_specific_reverse,full_2_edps,3915,3602,0.07994891443167305,-0.07994891443167305,14742
website_retargeting+app_activity_retargeting,combined,shared_map_global_daily_state,full_2_edps,3915,3575,0.08684546615581099,-0.08684546615581099,14742
website_retargeting+app_activity_retargeting,combined,campaign_local_maps,full_2_edps,3915,3604,0.07943805874840358,-0.07943805874840358,15198
website_retargeting+app_activity_retargeting,website_retargeting,shared_map_campaign_specific_forward,full_2_edps,1772,1866,0.05304740406320542,0.05304740406320542,14742
website_retargeting+app_activity_retargeting,website_retargeting,shared_map_campaign_specific_reverse,full_2_edps,1772,1866,0.05304740406320542,0.05304740406320542,14742
website_retargeting+app_activity_retargeting,website_retargeting,shared_map_global_daily_state,full_2_edps,1772,1880,0.060948081264108354,0.060948081264108354,14742
website_retargeting+app_activity_retargeting,website_retargeting,campaign_local_maps,full_2_edps,1772,1863,0.051354401805869074,0.051354401805869074,15198
website_retargeting+app_activity_retargeting,app_activity_retargeting,shared_map_campaign_specific_forward,full_2_edps,2344,2302,0.017918088737201365,-0.017918088737201365,14742
website_retargeting+app_activity_retargeting,app_activity_retargeting,shared_map_campaign_specific_reverse,full_2_edps,2344,2303,0.01749146757679181,-0.01749146757679181,14742
website_retargeting+app_activity_retargeting,app_activity_retargeting,shared_map_global_daily_state,full_2_edps,2344,2243,0.04308873720136519,-0.04308873720136519,14742
website_retargeting+app_activity_retargeting,app_activity_retargeting,campaign_local_maps,full_2_edps,2344,2305,0.016638225255972697,-0.016638225255972697,15198
website_retargeting+app_activity_retargeting,combined,shared_map_campaign_specific_forward,weeks_5_12_5_edps,4297,4203,0.021875727251570862,-0.021875727251570862,14742
website_retargeting+app_activity_retargeting,combined,shared_map_campaign_specific_reverse,weeks_5_12_5_edps,4297,4205,0.021410286246218293,-0.021410286246218293,14742
website_retargeting+app_activity_retargeting,combined,shared_map_global_daily_state,weeks_5_12_5_edps,4297,4148,0.03467535489876658,-0.03467535489876658,14742
website_retargeting+app_activity_retargeting,combined,campaign_local_maps,weeks_5_12_5_edps,4297,4206,0.021177565743542005,-0.021177565743542005,15198
website_retargeting+app_activity_retargeting,website_retargeting,shared_map_campaign_specific_forward,weeks_5_12_5_edps,1832,2039,0.11299126637554585,0.11299126637554585,14742
website_retargeting+app_activity_retargeting,website_retargeting,shared_map_campaign_specific_reverse,weeks_5_12_5_edps,1832,2040,0.11353711790393013,0.11353711790393013,14742
website_retargeting+app_activity_retargeting,website_retargeting,shared_map_global_daily_state,weeks_5_12_5_edps,1832,2095,0.1435589519650655,0.1435589519650655,14742
website_retargeting+app_activity_retargeting,website_retargeting,campaign_local_maps,weeks_5_12_5_edps,1832,2033,0.10971615720524018,0.10971615720524018,15198
website_retargeting+app_activity_retargeting,app_activity_retargeting,shared_map_campaign_specific_forward,weeks_5_12_5_edps,2711,2914,0.0748801180376245,0.0748801180376245,14742
website_retargeting+app_activity_retargeting,app_activity_retargeting,shared_map_campaign_specific_reverse,weeks_5_12_5_edps,2711,2915,0.07524898561416452,0.07524898561416452,14742
website_retargeting+app_activity_retargeting,app_activity_retargeting,shared_map_global_daily_state,weeks_5_12_5_edps,2711,2795,0.03098487642936186,0.03098487642936186,14742
website_retargeting+app_activity_retargeting,app_activity_retargeting,campaign_local_maps,weeks_5_12_5_edps,2711,2919,0.0767244559203246,0.0767244559203246,15198
website_retargeting+app_activity_retargeting,combined,shared_map_campaign_specific_forward,full_5_edps,4735,4840,0.022175290390707498,0.022175290390707498,14742
website_retargeting+app_activity_retargeting,combined,shared_map_campaign_specific_reverse,full_5_edps,4735,4842,0.02259767687434002,0.02259767687434002,14742
website_retargeting+app_activity_retargeting,combined,shared_map_global_daily_state,full_5_edps,4735,4794,0.01246040126715945,0.01246040126715945,14742
website_retargeting+app_activity_retargeting,combined,campaign_local_maps,full_5_edps,4735,4846,0.023442449841605068,0.023442449841605068,15198
website_retargeting+app_activity_retargeting,website_retargeting,shared_map_campaign_specific_forward,full_5_edps,2128,2472,0.16165413533834586,0.16165413533834586,14742
website_retargeting+app_activity_retargeting,website_retargeting,shared_map_campaign_specific_reverse,full_5_edps,2128,2474,0.162593984962406,0.162593984962406,14742
website_retargeting+app_activity_retargeting,website_retargeting,shared_map_global_daily_state,full_5_edps,2128,2595,0.21945488721804512,0.21945488721804512,14742
website_retargeting+app_activity_retargeting,website_retargeting,campaign_local_maps,full_5_edps,2128,2460,0.15601503759398497,0.15601503759398497,15198
website_retargeting+app_activity_retargeting,app_activity_retargeting,shared_map_campaign_specific_forward,full_5_edps,2915,3266,0.12041166380789023,0.12041166380789023,14742
website_retargeting+app_activity_retargeting,app_activity_retargeting,shared_map_campaign_specific_reverse,full_5_edps,2915,3268,0.12109777015437392,0.12109777015437392,14742
website_retargeting+app_activity_retargeting,app_activity_retargeting,shared_map_global_daily_state,full_5_edps,2915,3096,0.0620926243567753,0.0620926243567753,14742
website_retargeting+app_activity_retargeting,app_activity_retargeting,campaign_local_maps,full_5_edps,2915,3272,0.12246998284734134,0.12246998284734134,15198
website_retargeting+app_activity_retargeting,combined,shared_map_campaign_specific_forward,full_10_edps,4881,5439,0.11432083589428396,0.11432083589428396,14742
website_retargeting+app_activity_retargeting,combined,shared_map_campaign_specific_reverse,full_10_edps,4881,5442,0.11493546404425323,0.11493546404425323,14742
website_retargeting+app_activity_retargeting,combined,shared_map_global_daily_state,full_10_edps,4881,5395,0.10530628969473468,0.10530628969473468,14742
website_retargeting+app_activity_retargeting,combined,campaign_local_maps,full_10_edps,4881,5448,0.11616472034419176,0.11616472034419176,15198
website_retargeting+app_activity_retargeting,website_retargeting,shared_map_campaign_specific_forward,full_10_edps,2183,2675,0.22537792029317452,0.22537792029317452,14742
website_retargeting+app_activity_retargeting,website_retargeting,shared_map_campaign_specific_reverse,full_10_edps,2183,2678,0.22675217590471827,0.22675217590471827,14742
website_retargeting+app_activity_retargeting,website_retargeting,shared_map_global_daily_state,full_10_edps,2183,2946,0.3495190105359597,0.3495190105359597,14742
website_retargeting+app_activity_retargeting,website_retargeting,campaign_local_maps,full_10_edps,2183,2659,0.2180485570316079,0.2180485570316079,15198
website_retargeting+app_activity_retargeting,app_activity_retargeting,shared_map_campaign_specific_forward,full_10_edps,3023,3792,0.2543830631822693,0.2543830631822693,14742
website_retargeting+app_activity_retargeting,app_activity_retargeting,shared_map_campaign_specific_reverse,full_10_edps,3023,3795,0.2553754548461793,0.2553754548461793,14742
website_retargeting+app_activity_retargeting,app_activity_retargeting,shared_map_global_daily_state,full_10_edps,3023,3488,0.1538207079060536,0.1538207079060536,14742
website_retargeting+app_activity_retargeting,app_activity_retargeting,campaign_local_maps,full_10_edps,3023,3802,0.2576910353953027,0.2576910353953027,15198
traffic_optimization+lead_generation,combined,shared_map_campaign_specific_forward,full_2_edps,10101,9416,0.06781506781506781,-0.06781506781506781,35040
traffic_optimization+lead_generation,combined,shared_map_campaign_specific_reverse,full_2_edps,10101,9413,0.06811206811206812,-0.06811206811206812,35040
traffic_optimization+lead_generation,combined,shared_map_global_daily_state,full_2_edps,10101,9410,0.06840906840906841,-0.06840906840906841,35040
traffic_optimization+lead_generation,combined,campaign_local_maps,full_2_edps,10101,9486,0.060885060885060883,-0.060885060885060883,38373
traffic_optimization+lead_generation,traffic_optimization,shared_map_campaign_specific_forward,full_2_edps,8560,8119,0.05151869158878505,-0.05151869158878505,35040
traffic_optimization+lead_generation,traffic_optimization,shared_map_campaign_specific_reverse,full_2_edps,8560,8115,0.051985981308411214,-0.051985981308411214,35040
traffic_optimization+lead_generation,traffic_optimization,shared_map_global_daily_state,full_2_edps,8560,8007,0.06460280373831775,-0.06460280373831775,35040
traffic_optimization+lead_generation,traffic_optimization,campaign_local_maps,full_2_edps,8560,8157,0.04707943925233645,-0.04707943925233645,38373
traffic_optimization+lead_generation,lead_generation,shared_map_campaign_specific_forward,full_2_edps,3029,3003,0.008583690987124463,-0.008583690987124463,35040
traffic_optimization+lead_generation,lead_generation,shared_map_campaign_specific_reverse,full_2_edps,3029,2996,0.010894684714427203,-0.010894684714427203,35040
traffic_optimization+lead_generation,lead_generation,shared_map_global_daily_state,full_2_edps,3029,3145,0.03829646748101684,0.03829646748101684,35040
traffic_optimization+lead_generation,lead_generation,campaign_local_maps,full_2_edps,3029,2979,0.01650709805216243,-0.01650709805216243,38373
traffic_optimization+lead_generation,combined,shared_map_campaign_specific_forward,weeks_5_12_5_edps,12302,12113,0.015363355551942773,-0.015363355551942773,35040
traffic_optimization+lead_generation,combined,shared_map_campaign_specific_reverse,weeks_5_12_5_edps,12302,12103,0.016176231507072023,-0.016176231507072023,35040
traffic_optimization+lead_generation,combined,shared_map_global_daily_state,weeks_5_12_5_edps,12302,11969,0.027068769305803934,-0.027068769305803934,35040
traffic_optimization+lead_generation,combined,campaign_local_maps,weeks_5_12_5_edps,12302,12161,0.011461550967322386,-0.011461550967322386,38373
traffic_optimization+lead_generation,traffic_optimization,shared_map_campaign_specific_forward,weeks_5_12_5_edps,10734,10818,0.007825600894354388,0.007825600894354388,35040
traffic_optimization+lead_generation,traffic_optimization,shared_map_campaign_specific_reverse,weeks_5_12_5_edps,10734,10806,0.006707657909446618,0.006707657909446618,35040
traffic_optimization+lead_generation,traffic_optimization,shared_map_global_daily_state,weeks_5_12_5_edps,10734,10394,0.031675051239053474,-0.031675051239053474,35040
traffic_optimization+lead_generation,traffic_optimization,campaign_local_maps,weeks_5_12_5_edps,10734,10843,0.010154648779578909,0.010154648779578909,38373
traffic_optimization+lead_generation,lead_generation,shared_map_campaign_specific_forward,weeks_5_12_5_edps,3880,4026,0.03762886597938144,0.03762886597938144,35040
traffic_optimization+lead_generation,lead_generation,shared_map_campaign_specific_reverse,weeks_5_12_5_edps,3880,4006,0.032474226804123714,0.032474226804123714,35040
traffic_optimization+lead_generation,lead_generation,shared_map_global_daily_state,weeks_5_12_5_edps,3880,4493,0.15798969072164948,0.15798969072164948,35040
traffic_optimization+lead_generation,lead_generation,campaign_local_maps,weeks_5_12_5_edps,3880,3929,0.012628865979381444,0.012628865979381444,38373
traffic_optimization+lead_generation,combined,shared_map_campaign_specific_forward,full_5_edps,13942,13811,0.009396069430497776,-0.009396069430497776,35040
traffic_optimization+lead_generation,combined,shared_map_campaign_specific_reverse,full_5_edps,13942,13804,0.009898149476402237,-0.009898149476402237,35040
traffic_optimization+lead_generation,combined,shared_map_global_daily_state,full_5_edps,13942,13673,0.019294218906900015,-0.019294218906900015,35040
traffic_optimization+lead_generation,combined,campaign_local_maps,full_5_edps,13942,13863,0.005666331946636064,-0.005666331946636064,38373
traffic_optimization+lead_generation,traffic_optimization,shared_map_campaign_specific_forward,full_5_edps,12595,12736,0.011194918618499404,0.011194918618499404,35040
traffic_optimization+lead_generation,traffic_optimization,shared_map_campaign_specific_reverse,full_5_edps,12595,12727,0.010480349344978166,0.010480349344978166,35040
traffic_optimization+lead_generation,traffic_optimization,shared_map_global_daily_state,full_5_edps,12595,12314,0.022310440651052005,-0.022310440651052005,35040
traffic_optimization+lead_generation,traffic_optimization,campaign_local_maps,full_5_edps,12595,12770,0.013894402540690751,0.013894402540690751,38373
traffic_optimization+lead_generation,lead_generation,shared_map_campaign_specific_forward,full_5_edps,4505,4817,0.06925638179800223,0.06925638179800223,35040
traffic_optimization+lead_generation,lead_generation,shared_map_campaign_specific_reverse,full_5_edps,4505,4792,0.0637069922308546,0.0637069922308546,35040
traffic_optimization+lead_generation,lead_generation,shared_map_global_daily_state,full_5_edps,4505,5408,0.2004439511653718,0.2004439511653718,35040
traffic_optimization+lead_generation,lead_generation,campaign_local_maps,full_5_edps,4505,4702,0.0437291897891232,0.0437291897891232,38373
traffic_optimization+lead_generation,combined,shared_map_campaign_specific_forward,full_10_edps,15346,15873,0.03434119640297146,0.03434119640297146,35040
traffic_optimization+lead_generation,combined,shared_map_campaign_specific_reverse,full_10_edps,15346,15866,0.03388505147921282,0.03388505147921282,35040
traffic_optimization+lead_generation,combined,shared_map_global_daily_state,full_10_edps,15346,15771,0.02769451322820279,0.02769451322820279,35040
traffic_optimization+lead_generation,combined,campaign_local_maps,full_10_edps,15346,15913,0.03694773882444937,0.03694773882444937,38373
traffic_optimization+lead_generation,traffic_optimization,shared_map_campaign_specific_forward,full_10_edps,14265,15136,0.06105853487556957,0.06105853487556957,35040
traffic_optimization+lead_generation,traffic_optimization,shared_map_campaign_specific_reverse,full_10_edps,14265,15127,0.06042762004907115,0.06042762004907115,35040
traffic_optimization+lead_generation,traffic_optimization,shared_map_global_daily_state,full_10_edps,14265,14638,0.026147914475990186,0.026147914475990186,35040
traffic_optimization+lead_generation,traffic_optimization,campaign_local_maps,full_10_edps,14265,15177,0.06393270241850683,0.06393270241850683,38373
traffic_optimization+lead_generation,lead_generation,shared_map_campaign_specific_forward,full_10_edps,5117,5905,0.15399648231385576,0.15399648231385576,35040
traffic_optimization+lead_generation,lead_generation,shared_map_campaign_specific_reverse,full_10_edps,5117,5869,0.14696111002540552,0.14696111002540552,35040
traffic_optimization+lead_generation,lead_generation,shared_map_global_daily_state,full_10_edps,5117,7138,0.3949579831932773,0.3949579831932773,35040
traffic_optimization+lead_generation,lead_generation,campaign_local_maps,full_10_edps,5117,5727,0.11921047488762947,0.11921047488762947,38373
lookalike_prospecting+unrelated_niche_control,combined,shared_map_campaign_specific_forward,full_2_edps,9153,8455,0.07625915000546268,-0.07625915000546268,31661
lookalike_prospecting+unrelated_niche_control,combined,shared_map_campaign_specific_reverse,full_2_edps,9153,8454,0.07636840380203212,-0.07636840380203212,31661
lookalike_prospecting+unrelated_niche_control,combined,shared_map_global_daily_state,full_2_edps,9153,8463,0.07538511963290724,-0.07538511963290724,31661
lookalike_prospecting+unrelated_niche_control,combined,campaign_local_maps,full_2_edps,9153,8460,0.07571288102261553,-0.07571288102261553,34865
lookalike_prospecting+unrelated_niche_control,lookalike_prospecting,shared_map_campaign_specific_forward,full_2_edps,7501,7238,0.03506199173443541,-0.03506199173443541,31661
lookalike_prospecting+unrelated_niche_control,lookalike_prospecting,shared_map_campaign_specific_reverse,full_2_edps,7501,7237,0.03519530729236102,-0.03519530729236102,31661
lookalike_prospecting+unrelated_niche_control,lookalike_prospecting,shared_map_global_daily_state,full_2_edps,7501,7202,0.03986135181975736,-0.03986135181975736,31661
lookalike_prospecting+unrelated_niche_control,lookalike_prospecting,campaign_local_maps,full_2_edps,7501,7238,0.03506199173443541,-0.03506199173443541,34865
lookalike_prospecting+unrelated_niche_control,unrelated_niche_control,shared_map_campaign_specific_forward,full_2_edps,3100,2852,0.08,-0.08,31661
lookalike_prospecting+unrelated_niche_control,unrelated_niche_control,shared_map_campaign_specific_reverse,full_2_edps,3100,2851,0.08032258064516129,-0.08032258064516129,31661
lookalike_prospecting+unrelated_niche_control,unrelated_niche_control,shared_map_global_daily_state,full_2_edps,3100,2892,0.06709677419354838,-0.06709677419354838,31661
lookalike_prospecting+unrelated_niche_control,unrelated_niche_control,campaign_local_maps,full_2_edps,3100,2844,0.08258064516129032,-0.08258064516129032,34865
lookalike_prospecting+unrelated_niche_control,combined,shared_map_campaign_specific_forward,weeks_5_12_5_edps,11404,11056,0.03051560855840056,-0.03051560855840056,31661
lookalike_prospecting+unrelated_niche_control,combined,shared_map_campaign_specific_reverse,weeks_5_12_5_edps,11404,11056,0.03051560855840056,-0.03051560855840056,31661
lookalike_prospecting+unrelated_niche_control,combined,shared_map_global_daily_state,weeks_5_12_5_edps,11404,11054,0.030690985619081023,-0.030690985619081023,31661
lookalike_prospecting+unrelated_niche_control,combined,campaign_local_maps,weeks_5_12_5_edps,11404,11056,0.03051560855840056,-0.03051560855840056,34865
lookalike_prospecting+unrelated_niche_control,lookalike_prospecting,shared_map_campaign_specific_forward,weeks_5_12_5_edps,9340,9627,0.030728051391862955,0.030728051391862955,31661
lookalike_prospecting+unrelated_niche_control,lookalike_prospecting,shared_map_campaign_specific_reverse,weeks_5_12_5_edps,9340,9627,0.030728051391862955,0.030728051391862955,31661
lookalike_prospecting+unrelated_niche_control,lookalike_prospecting,shared_map_global_daily_state,weeks_5_12_5_edps,9340,9543,0.021734475374732335,0.021734475374732335,31661
lookalike_prospecting+unrelated_niche_control,lookalike_prospecting,campaign_local_maps,weeks_5_12_5_edps,9340,9631,0.031156316916488222,0.031156316916488222,34865
lookalike_prospecting+unrelated_niche_control,unrelated_niche_control,shared_map_campaign_specific_forward,weeks_5_12_5_edps,4337,4105,0.05349319806317731,-0.05349319806317731,31661
lookalike_prospecting+unrelated_niche_control,unrelated_niche_control,shared_map_campaign_specific_reverse,weeks_5_12_5_edps,4337,4103,0.05395434632234263,-0.05395434632234263,31661
lookalike_prospecting+unrelated_niche_control,unrelated_niche_control,shared_map_global_daily_state,weeks_5_12_5_edps,4337,4208,0.029744062716163245,-0.029744062716163245,31661
lookalike_prospecting+unrelated_niche_control,unrelated_niche_control,campaign_local_maps,weeks_5_12_5_edps,4337,4082,0.05879640304357851,-0.05879640304357851,34865
lookalike_prospecting+unrelated_niche_control,combined,shared_map_campaign_specific_forward,full_5_edps,12734,12476,0.020260719334066278,-0.020260719334066278,31661
lookalike_prospecting+unrelated_niche_control,combined,shared_map_campaign_specific_reverse,full_5_edps,12734,12476,0.020260719334066278,-0.020260719334066278,31661
lookalike_prospecting+unrelated_niche_control,combined,shared_map_global_daily_state,full_5_edps,12734,12484,0.019632479974870425,-0.019632479974870425,31661
lookalike_prospecting+unrelated_niche_control,combined,campaign_local_maps,full_5_edps,12734,12484,0.019632479974870425,-0.019632479974870425,34865
lookalike_prospecting+unrelated_niche_control,lookalike_prospecting,shared_map_campaign_specific_forward,full_5_edps,10497,11082,0.05573020863103744,0.05573020863103744,31661
lookalike_prospecting+unrelated_niche_control,lookalike_prospecting,shared_map_campaign_specific_reverse,full_5_edps,10497,11082,0.05573020863103744,0.05573020863103744,31661
lookalike_prospecting+unrelated_niche_control,lookalike_prospecting,shared_map_global_daily_state,full_5_edps,10497,11010,0.04887110603029437,0.04887110603029437,31661
lookalike_prospecting+unrelated_niche_control,lookalike_prospecting,campaign_local_maps,full_5_edps,10497,11092,0.056682861770029534,0.056682861770029534,34865
lookalike_prospecting+unrelated_niche_control,unrelated_niche_control,shared_map_campaign_specific_forward,full_5_edps,5315,5031,0.05343367826904986,-0.05343367826904986,31661
lookalike_prospecting+unrelated_niche_control,unrelated_niche_control,shared_map_campaign_specific_reverse,full_5_edps,5315,5029,0.05380997177798683,-0.05380997177798683,31661
lookalike_prospecting+unrelated_niche_control,unrelated_niche_control,shared_map_global_daily_state,full_5_edps,5315,5155,0.030103480714957668,-0.030103480714957668,31661
lookalike_prospecting+unrelated_niche_control,unrelated_niche_control,campaign_local_maps,full_5_edps,5315,5000,0.059266227657572904,-0.059266227657572904,34865
lookalike_prospecting+unrelated_niche_control,combined,shared_map_campaign_specific_forward,full_10_edps,13790,14718,0.06729514140681653,0.06729514140681653,31661
lookalike_prospecting+unrelated_niche_control,combined,shared_map_campaign_specific_reverse,full_10_edps,13790,14718,0.06729514140681653,0.06729514140681653,31661
lookalike_prospecting+unrelated_niche_control,combined,shared_map_global_daily_state,full_10_edps,13790,14720,0.0674401740391588,0.0674401740391588,31661
lookalike_prospecting+unrelated_niche_control,combined,campaign_local_maps,full_10_edps,13790,14724,0.06773023930384336,0.06773023930384336,34865
lookalike_prospecting+unrelated_niche_control,lookalike_prospecting,shared_map_campaign_specific_forward,full_10_edps,11632,13408,0.15268225584594222,0.15268225584594222,31661
lookalike_prospecting+unrelated_niche_control,lookalike_prospecting,shared_map_campaign_specific_reverse,full_10_edps,11632,13408,0.15268225584594222,0.15268225584594222,31661
lookalike_prospecting+unrelated_niche_control,lookalike_prospecting,shared_map_global_daily_state,full_10_edps,11632,13314,0.14460110041265475,0.14460110041265475,31661
lookalike_prospecting+unrelated_niche_control,lookalike_prospecting,campaign_local_maps,full_10_edps,11632,13418,0.15354195323246217,0.15354195323246217,34865
lookalike_prospecting+unrelated_niche_control,unrelated_niche_control,shared_map_campaign_specific_forward,full_10_edps,5565,6477,0.16388140161725068,0.16388140161725068,31661
lookalike_prospecting+unrelated_niche_control,unrelated_niche_control,shared_map_campaign_specific_reverse,full_10_edps,5565,6476,0.16370170709793352,0.16370170709793352,31661
lookalike_prospecting+unrelated_niche_control,unrelated_niche_control,shared_map_global_daily_state,full_10_edps,5565,6702,0.20431266846361185,0.20431266846361185,31661
lookalike_prospecting+unrelated_niche_control,unrelated_niche_control,campaign_local_maps,full_10_edps,5565,6426,0.15471698113207547,0.15471698113207547,34865
